Workbook

Sheet 맵 보상 기준
B1: 등급 | C1: 기준 보상액 | D1: 실버 추가 보상 | E1: 골드 추가 보상 | F1: 기본 보상액 | G1: 랜덤 보상액
B2: 1 | C2: =설정!$B$1*설정!$B$2*(1+설정!$B$3*'맵 보상 기준'!$B2) -> 720 | D2: =$C2*설정!$B$4 -> 360 | E2: =$C2*설정!$B$4*2 -> 720 | F2: =$C2*(1-설정!$B$5) -> 576 | G2: =$C2*설정!$B$5 -> 144
B3: 2 | C3: =설정!$B$1*설정!$B$2*(1+설정!$B$3*'맵 보상 기준'!$B3) -> 840 | D3: =$C3*설정!$B$4 -> 420 | E3: =$C3*설정!$B$4*2 -> 840 | F3: =$C3*(1-설정!$B$5) -> 672 | G3: =$C3*설정!$B$5 -> 168
B4: 3 | C4: =설정!$B$1*설정!$B$2*(1+설정!$B$3*'맵 보상 기준'!$B4) -> 960 | D4: =$C4*설정!$B$4 -> 480 | E4: =$C4*설정!$B$4*2 -> 960 | F4: =$C4*(1-설정!$B$5) -> 768 | G4: =$C4*설정!$B$5 -> 192
B5: 4 | C5: =설정!$B$1*설정!$B$2*(1+설정!$B$3*'맵 보상 기준'!$B5) -> 1080 | D5: =$C5*설정!$B$4 -> 540 | E5: =$C5*설정!$B$4*2 -> 1080 | F5: =$C5*(1-설정!$B$5) -> 864 | G5: =$C5*설정!$B$5 -> 216
A10: 이름 | B10: 등급 | C10: 결과 | D10: 기준 보상액 | E10: 실 보상액 | F10: Gold | G10: Add_Gold | H10: Coin | I10: Add_Coin | J10: Item_1 | K10: Prob_1 | L10: Item_2 | M10: Prob_2 | N10: Item_3 | O10: Prob_3 | P10: Item_4 | Q10: Prob_4 | R10: Item_5 | S10: Prob_5 | T10: Item_6 | U10: Prob_6 | V10: Item_7 | W10: Prob_7 | X10: Item_8 | Y10: Prob_8 | Z10: Item_9 | AA10: Prob_9 | AB10: Item_10 | AC10: Prob_10 | AD10: Price1 | AE10: Price2 | AF10: Price3 | AG10: Price4 | AH10: Price5 | AI10: Price6 | AJ10: Price7 | AK10: Price8 | AL10: Price9 | AM10: Price10
A11: D등급 맵 보상 | B11: 1 | C11: 0 | D11: =VLOOKUP(B11,$B$2:$G$5,2+C11,FALSE) -> 720 | E11: =F11+G11*0.5+SUM(AD11:AM11) -> 720 | F11: =IF(C11>0,0,VLOOKUP(B11,$B$2:$G$5,5,FALSE)) -> 576 | G11: =IF(C11>0,0,VLOOKUP(B11,$B$2:$G$5,6,FALSE))*2 -> 288 | AD11: =IF(J11="",0,VLOOKUP(J11,Table_Data_Item!$C:$W,21,FALSE)*K11/10000) -> 0 | AE11: =IF(L11="",0,VLOOKUP(L11,Table_Data_Item!$C:$W,21,FALSE)*M11/10000) -> 0 | AF11: =IF(N11="",0,VLOOKUP(N11,Table_Data_Item!$C:$W,21,FALSE)*O11/10000) -> 0 | AG11: =IF(P11="",0,VLOOKUP(P11,Table_Data_Item!$C:$W,21,FALSE)*Q11/10000) -> 0 | AH11: =IF(R11="",0,VLOOKUP(R11,Table_Data_Item!$C:$W,21,FALSE)*S11/10000) -> 0 | AI11: =IF(T11="",0,VLOOKUP(T11,Table_Data_Item!$C:$W,21,FALSE)*U11/10000) -> 0 | AJ11: =IF(V11="",0,VLOOKUP(V11,Table_Data_Item!$C:$W,21,FALSE)*W11/10000) -> 0 | AK11: =IF(X11="",0,VLOOKUP(X11,Table_Data_Item!$C:$W,21,FALSE)*Y11/10000) -> 0 | AL11: =IF(Z11="",0,VLOOKUP(Z11,Table_Data_Item!$C:$W,21,FALSE)*AA11/10000) -> 0 | AM11: =IF(AB11="",0,VLOOKUP(AB11,Table_Data_Item!$C:$W,21,FALSE)*AC11/10000) -> 0
A12: D등급 맵 실버 보상 | B12: 1 | C12: 1 | D12: =VLOOKUP(B12,$B$2:$G$5,2+C12,FALSE) -> 360 | E12: =F12+G12*0.5+SUM(AD12:AM12) -> 320 | F12: =IF(C12>0,0,VLOOKUP(B12,$B$2:$G$5,5,FALSE)) -> 0 | G12: =IF(C12>0,0,VLOOKUP(B12,$B$2:$G$5,6,FALSE))*2 -> 0 | J12: item_potion_heal_01 | K12: 6000 | L12: item_equip_n_ar_02 | M12: 100 | N12: item_equip_n_ar_05 | O12: 100 | P12: item_equip_n_ac_02 | Q12: 100 | R12: item_equip_n_bo_02 | S12: 100 | AD12: =IF(J12="",0,VLOOKUP(J12,Table_Data_Item!$C:$W,21,FALSE)*K12/10000) -> 120 | AE12: =IF(L12="",0,VLOOKUP(L12,Table_Data_Item!$C:$W,21,FALSE)*M12/10000) -> 50 | AF12: =IF(N12="",0,VLOOKUP(N12,Table_Data_Item!$C:$W,21,FALSE)*O12/10000) -> 50 | AG12: =IF(P12="",0,VLOOKUP(P12,Table_Data_Item!$C:$W,21,FALSE)*Q12/10000) -> 62.5 | AH12: =IF(R12="",0,VLOOKUP(R12,Table_Data_Item!$C:$W,21,FALSE)*S12/10000) -> 37.5 | AI12: =IF(T12="",0,VLOOKUP(T12,Table_Data_Item!$C:$W,21,FALSE)*U12/10000) -> 0 | AJ12: =IF(V12="",0,VLOOKUP(V12,Table_Data_Item!$C:$W,21,FALSE)*W12/10000) -> 0 | AK12: =IF(X12="",0,VLOOKUP(X12,Table_Data_Item!$C:$W,21,FALSE)*Y12/10000) -> 0 | AL12: =IF(Z12="",0,VLOOKUP(Z12,Table_Data_Item!$C:$W,21,FALSE)*AA12/10000) -> 0 | AM12: =IF(AB12="",0,VLOOKUP(AB12,Table_Data_Item!$C:$W,21,FALSE)*AC12/10000) -> 0
A13: D등급 맵 골드 보상 | B13: 1 | C13: 2 | D13: =VLOOKUP(B13,$B$2:$G$5,2+C13,FALSE) -> 720 | E13: =F13+G13*0.5+SUM(AD13:AM13) -> 675 | F13: =IF(C13>0,0,VLOOKUP(B13,$B$2:$G$5,5,FALSE)) -> 0 | G13: =IF(C13>0,0,VLOOKUP(B13,$B$2:$G$5,6,FALSE))*2 -> 0 | J13: item_equip_n_we_02 | K13: 300 | L13: item_equip_n_we_05 | M13: 300 | N13: item_equip_n_we_08 | O13: 300 | AD13: =IF(J13="",0,VLOOKUP(J13,Table_Data_Item!$C:$W,21,FALSE)*K13/10000) -> 225 | AE13: =IF(L13="",0,VLOOKUP(L13,Table_Data_Item!$C:$W,21,FALSE)*M13/10000) -> 225 | AF13: =IF(N13="",0,VLOOKUP(N13,Table_Data_Item!$C:$W,21,FALSE)*O13/10000) -> 225 | AG13: =IF(P13="",0,VLOOKUP(P13,Table_Data_Item!$C:$W,21,FALSE)*Q13/10000) -> 0 | AH13: =IF(R13="",0,VLOOKUP(R13,Table_Data_Item!$C:$W,21,FALSE)*S13/10000) -> 0 | AI13: =IF(T13="",0,VLOOKUP(T13,Table_Data_Item!$C:$W,21,FALSE)*U13/10000) -> 0 | AJ13: =IF(V13="",0,VLOOKUP(V13,Table_Data_Item!$C:$W,21,FALSE)*W13/10000) -> 0 | AK13: =IF(X13="",0,VLOOKUP(X13,Table_Data_Item!$C:$W,21,FALSE)*Y13/10000) -> 0 | AL13: =IF(Z13="",0,VLOOKUP(Z13,Table_Data_Item!$C:$W,21,FALSE)*AA13/10000) -> 0 | AM13: =IF(AB13="",0,VLOOKUP(AB13,Table_Data_Item!$C:$W,21,FALSE)*AC13/10000) -> 0
A14: C등급 맵 보상 | B14: 2 | C14: 0 | D14: =VLOOKUP(B14,$B$2:$G$5,2+C14,FALSE) -> 840 | E14: =F14+G14*0.5+SUM(AD14:AM14) -> 840 | F14: =IF(C14>0,0,VLOOKUP(B14,$B$2:$G$5,5,FALSE)) -> 672 | G14: =IF(C14>0,0,VLOOKUP(B14,$B$2:$G$5,6,FALSE))*2 -> 336 | AD14: =IF(J14="",0,VLOOKUP(J14,Table_Data_Item!$C:$W,21,FALSE)*K14/10000) -> 0 | AE14: =IF(L14="",0,VLOOKUP(L14,Table_Data_Item!$C:$W,21,FALSE)*M14/10000) -> 0 | AF14: =IF(N14="",0,VLOOKUP(N14,Table_Data_Item!$C:$W,21,FALSE)*O14/10000) -> 0 | AG14: =IF(P14="",0,VLOOKUP(P14,Table_Data_Item!$C:$W,21,FALSE)*Q14/10000) -> 0 | AH14: =IF(R14="",0,VLOOKUP(R14,Table_Data_Item!$C:$W,21,FALSE)*S14/10000) -> 0 | AI14: =IF(T14="",0,VLOOKUP(T14,Table_Data_Item!$C:$W,21,FALSE)*U14/10000) -> 0 | AJ14: =IF(V14="",0,VLOOKUP(V14,Table_Data_Item!$C:$W,21,FALSE)*W14/10000) -> 0 | AK14: =IF(X14="",0,VLOOKUP(X14,Table_Data_Item!$C:$W,21,FALSE)*Y14/10000) -> 0 | AL14: =IF(Z14="",0,VLOOKUP(Z14,Table_Data_Item!$C:$W,21,FALSE)*AA14/10000) -> 0 | AM14: =IF(AB14="",0,VLOOKUP(AB14,Table_Data_Item!$C:$W,21,FALSE)*AC14/10000) -> 0
A15: C등급 맵 실버 보상 | B15: 2 | C15: 1 | D15: =VLOOKUP(B15,$B$2:$G$5,2+C15,FALSE) -> 420 | E15: =F15+G15*0.5+SUM(AD15:AM15) -> 1180 | F15: =IF(C15>0,0,VLOOKUP(B15,$B$2:$G$5,5,FALSE)) -> 0 | G15: =IF(C15>0,0,VLOOKUP(B15,$B$2:$G$5,6,FALSE))*2 -> 0 | J15: item_potion_heal_02 | K15: 3000 | L15: item_equip_n_ac_05 | M15: 100 | N15: item_equip_n_bo_05 | O15: 100 | P15: item_equip_n_ar_08 | Q15: 100 | R15: item_equip_n_ar_11 | S15: 100 | AD15: =IF(J15="",0,VLOOKUP(J15,Table_Data_Item!$C:$W,21,FALSE)*K15/10000) -> 180 | AE15: =IF(L15="",0,VLOOKUP(L15,Table_Data_Item!$C:$W,21,FALSE)*M15/10000) -> 312.5 | AF15: =IF(N15="",0,VLOOKUP(N15,Table_Data_Item!$C:$W,21,FALSE)*O15/10000) -> 187.5 | AG15: =IF(P15="",0,VLOOKUP(P15,Table_Data_Item!$C:$W,21,FALSE)*Q15/10000) -> 250 | AH15: =IF(R15="",0,VLOOKUP(R15,Table_Data_Item!$C:$W,21,FALSE)*S15/10000) -> 250 | AI15: =IF(T15="",0,VLOOKUP(T15,Table_Data_Item!$C:$W,21,FALSE)*U15/10000) -> 0 | AJ15: =IF(V15="",0,VLOOKUP(V15,Table_Data_Item!$C:$W,21,FALSE)*W15/10000) -> 0 | AK15: =IF(X15="",0,VLOOKUP(X15,Table_Data_Item!$C:$W,21,FALSE)*Y15/10000) -> 0 | AL15: =IF(Z15="",0,VLOOKUP(Z15,Table_Data_Item!$C:$W,21,FALSE)*AA15/10000) -> 0 | AM15: =IF(AB15="",0,VLOOKUP(AB15,Table_Data_Item!$C:$W,21,FALSE)*AC15/10000) -> 0
A16: C등급 맵 골드 보상 | B16: 2 | C16: 2 | D16: =VLOOKUP(B16,$B$2:$G$5,2+C16,FALSE) -> 840 | E16: =F16+G16*0.5+SUM(AD16:AM16) -> 2250 | F16: =IF(C16>0,0,VLOOKUP(B16,$B$2:$G$5,5,FALSE)) -> 0 | G16: =IF(C16>0,0,VLOOKUP(B16,$B$2:$G$5,6,FALSE))*2 -> 0 | J16: item_equip_n_we_11 | K16: 200 | L16: item_equip_n_we_14 | M16: 200 | N16: item_equip_n_we_17 | O16: 200 | AD16: =IF(J16="",0,VLOOKUP(J16,Table_Data_Item!$C:$W,21,FALSE)*K16/10000) -> 750 | AE16: =IF(L16="",0,VLOOKUP(L16,Table_Data_Item!$C:$W,21,FALSE)*M16/10000) -> 750 | AF16: =IF(N16="",0,VLOOKUP(N16,Table_Data_Item!$C:$W,21,FALSE)*O16/10000) -> 750 | AG16: =IF(P16="",0,VLOOKUP(P16,Table_Data_Item!$C:$W,21,FALSE)*Q16/10000) -> 0 | AH16: =IF(R16="",0,VLOOKUP(R16,Table_Data_Item!$C:$W,21,FALSE)*S16/10000) -> 0 | AI16: =IF(T16="",0,VLOOKUP(T16,Table_Data_Item!$C:$W,21,FALSE)*U16/10000) -> 0 | AJ16: =IF(V16="",0,VLOOKUP(V16,Table_Data_Item!$C:$W,21,FALSE)*W16/10000) -> 0 | AK16: =IF(X16="",0,VLOOKUP(X16,Table_Data_Item!$C:$W,21,FALSE)*Y16/10000) -> 0 | AL16: =IF(Z16="",0,VLOOKUP(Z16,Table_Data_Item!$C:$W,21,FALSE)*AA16/10000) -> 0 | AM16: =IF(AB16="",0,VLOOKUP(AB16,Table_Data_Item!$C:$W,21,FALSE)*AC16/10000) -> 0
A17: B등급 맵 보상 | B17: 3 | C17: 0 | D17: =VLOOKUP(B17,$B$2:$G$5,2+C17,FALSE) -> 960 | E17: =F17+G17*0.5+SUM(AD17:AM17) -> 960 | F17: =IF(C17>0,0,VLOOKUP(B17,$B$2:$G$5,5,FALSE)) -> 768 | G17: =IF(C17>0,0,VLOOKUP(B17,$B$2:$G$5,6,FALSE))*2 -> 384 | AD17: =IF(J17="",0,VLOOKUP(J17,Table_Data_Item!$C:$W,21,FALSE)*K17/10000) -> 0 | AE17: =IF(L17="",0,VLOOKUP(L17,Table_Data_Item!$C:$W,21,FALSE)*M17/10000) -> 0 | AF17: =IF(N17="",0,VLOOKUP(N17,Table_Data_Item!$C:$W,21,FALSE)*O17/10000) -> 0 | AG17: =IF(P17="",0,VLOOKUP(P17,Table_Data_Item!$C:$W,21,FALSE)*Q17/10000) -> 0 | AH17: =IF(R17="",0,VLOOKUP(R17,Table_Data_Item!$C:$W,21,FALSE)*S17/10000) -> 0 | AI17: =IF(T17="",0,VLOOKUP(T17,Table_Data_Item!$C:$W,21,FALSE)*U17/10000) -> 0 | AJ17: =IF(V17="",0,VLOOKUP(V17,Table_Data_Item!$C:$W,21,FALSE)*W17/10000) -> 0 | AK17: =IF(X17="",0,VLOOKUP(X17,Table_Data_Item!$C:$W,21,FALSE)*Y17/10000) -> 0 | AL17: =IF(Z17="",0,VLOOKUP(Z17,Table_Data_Item!$C:$W,21,FALSE)*AA17/10000) -> 0 | AM17: =IF(AB17="",0,VLOOKUP(AB17,Table_Data_Item!$C:$W,21,FALSE)*AC17/10000) -> 0
A18: B등급 맵 실버 보상 | B18: 3 | C18: 1 | D18: =VLOOKUP(B18,$B$2:$G$5,2+C18,FALSE) -> 480 | E18: =F18+G18*0.5+SUM(AD18:AM18) -> 2800 | F18: =IF(C18>0,0,VLOOKUP(B18,$B$2:$G$5,5,FALSE)) -> 0 | G18: =IF(C18>0,0,VLOOKUP(B18,$B$2:$G$5,6,FALSE))*2 -> 0 | J18: item_potion_heal_03 | K18: 3000 | L18: item_equip_n_ar_14 | M18: 50 | N18: item_equip_n_ar_17 | O18: 50 | P18: item_equip_n_ac_08 | Q18: 50 | R18: item_equip_n_bo_08 | S18: 50 | AD18: =IF(J18="",0,VLOOKUP(J18,Table_Data_Item!$C:$W,21,FALSE)*K18/10000) -> 300 | AE18: =IF(L18="",0,VLOOKUP(L18,Table_Data_Item!$C:$W,21,FALSE)*M18/10000) -> 625 | AF18: =IF(N18="",0,VLOOKUP(N18,Table_Data_Item!$C:$W,21,FALSE)*O18/10000) -> 625 | AG18: =IF(P18="",0,VLOOKUP(P18,Table_Data_Item!$C:$W,21,FALSE)*Q18/10000) -> 781.25 | AH18: =IF(R18="",0,VLOOKUP(R18,Table_Data_Item!$C:$W,21,FALSE)*S18/10000) -> 468.75 | AI18: =IF(T18="",0,VLOOKUP(T18,Table_Data_Item!$C:$W,21,FALSE)*U18/10000) -> 0 | AJ18: =IF(V18="",0,VLOOKUP(V18,Table_Data_Item!$C:$W,21,FALSE)*W18/10000) -> 0 | AK18: =IF(X18="",0,VLOOKUP(X18,Table_Data_Item!$C:$W,21,FALSE)*Y18/10000) -> 0 | AL18: =IF(Z18="",0,VLOOKUP(Z18,Table_Data_Item!$C:$W,21,FALSE)*AA18/10000) -> 0 | AM18: =IF(AB18="",0,VLOOKUP(AB18,Table_Data_Item!$C:$W,21,FALSE)*AC18/10000) -> 0
A19: B등급 맵 골드 보상 | B19: 3 | C19: 2 | D19: =VLOOKUP(B19,$B$2:$G$5,2+C19,FALSE) -> 960 | E19: =F19+G19*0.5+SUM(AD19:AM19) -> 5625 | F19: =IF(C19>0,0,VLOOKUP(B19,$B$2:$G$5,5,FALSE)) -> 0 | G19: =IF(C19>0,0,VLOOKUP(B19,$B$2:$G$5,6,FALSE))*2 -> 0 | J19: item_equip_n_we_20 | K19: 100 | L19: item_equip_n_we_23 | M19: 100 | N19: item_equip_n_we_26 | O19: 100 | AD19: =IF(J19="",0,VLOOKUP(J19,Table_Data_Item!$C:$W,21,FALSE)*K19/10000) -> 1875 | AE19: =IF(L19="",0,VLOOKUP(L19,Table_Data_Item!$C:$W,21,FALSE)*M19/10000) -> 1875 | AF19: =IF(N19="",0,VLOOKUP(N19,Table_Data_Item!$C:$W,21,FALSE)*O19/10000) -> 1875 | AG19: =IF(P19="",0,VLOOKUP(P19,Table_Data_Item!$C:$W,21,FALSE)*Q19/10000) -> 0 | AH19: =IF(R19="",0,VLOOKUP(R19,Table_Data_Item!$C:$W,21,FALSE)*S19/10000) -> 0 | AI19: =IF(T19="",0,VLOOKUP(T19,Table_Data_Item!$C:$W,21,FALSE)*U19/10000) -> 0 | AJ19: =IF(V19="",0,VLOOKUP(V19,Table_Data_Item!$C:$W,21,FALSE)*W19/10000) -> 0 | AK19: =IF(X19="",0,VLOOKUP(X19,Table_Data_Item!$C:$W,21,FALSE)*Y19/10000) -> 0 | AL19: =IF(Z19="",0,VLOOKUP(Z19,Table_Data_Item!$C:$W,21,FALSE)*AA19/10000) -> 0 | AM19: =IF(AB19="",0,VLOOKUP(AB19,Table_Data_Item!$C:$W,21,FALSE)*AC19/10000) -> 0
A20: A등급 맵 보상 | B20: 4 | C20: 0 | D20: =VLOOKUP(B20,$B$2:$G$5,2+C20,FALSE) -> 1080 | E20: =F20+G20*0.5+SUM(AD20:AM20) -> 1080 | F20: =IF(C20>0,0,VLOOKUP(B20,$B$2:$G$5,5,FALSE)) -> 864 | G20: =IF(C20>0,0,VLOOKUP(B20,$B$2:$G$5,6,FALSE))*2 -> 432 | AD20: =IF(J20="",0,VLOOKUP(J20,Table_Data_Item!$C:$W,21,FALSE)*K20/10000) -> 0 | AE20: =IF(L20="",0,VLOOKUP(L20,Table_Data_Item!$C:$W,21,FALSE)*M20/10000) -> 0 | AF20: =IF(N20="",0,VLOOKUP(N20,Table_Data_Item!$C:$W,21,FALSE)*O20/10000) -> 0 | AG20: =IF(P20="",0,VLOOKUP(P20,Table_Data_Item!$C:$W,21,FALSE)*Q20/10000) -> 0 | AH20: =IF(R20="",0,VLOOKUP(R20,Table_Data_Item!$C:$W,21,FALSE)*S20/10000) -> 0 | AI20: =IF(T20="",0,VLOOKUP(T20,Table_Data_Item!$C:$W,21,FALSE)*U20/10000) -> 0 | AJ20: =IF(V20="",0,VLOOKUP(V20,Table_Data_Item!$C:$W,21,FALSE)*W20/10000) -> 0 | AK20: =IF(X20="",0,VLOOKUP(X20,Table_Data_Item!$C:$W,21,FALSE)*Y20/10000) -> 0 | AL20: =IF(Z20="",0,VLOOKUP(Z20,Table_Data_Item!$C:$W,21,FALSE)*AA20/10000) -> 0 | AM20: =IF(AB20="",0,VLOOKUP(AB20,Table_Data_Item!$C:$W,21,FALSE)*AC20/10000) -> 0
A21: A등급 맵 실버 보상 | B21: 4 | C21: 1 | D21: =VLOOKUP(B21,$B$2:$G$5,2+C21,FALSE) -> 540 | E21: =F21+G21*0.5+SUM(AD21:AM21) -> 12875 | F21: =IF(C21>0,0,VLOOKUP(B21,$B$2:$G$5,5,FALSE)) -> 0 | G21: =IF(C21>0,0,VLOOKUP(B21,$B$2:$G$5,6,FALSE))*2 -> 0 | J21: item_potion_heal_04 | K21: 2500 | L21: item_equip_n_ar_20 | M21: 50 | N21: item_equip_n_ar_23 | O21: 50 | P21: item_equip_n_ac_11 | Q21: 50 | R21: item_equip_n_bo_11 | S21: 50 | AD21: =IF(J21="",0,VLOOKUP(J21,Table_Data_Item!$C:$W,21,FALSE)*K21/10000) -> 375 | AE21: =IF(L21="",0,VLOOKUP(L21,Table_Data_Item!$C:$W,21,FALSE)*M21/10000) -> 3125 | AF21: =IF(N21="",0,VLOOKUP(N21,Table_Data_Item!$C:$W,21,FALSE)*O21/10000) -> 3125 | AG21: =IF(P21="",0,VLOOKUP(P21,Table_Data_Item!$C:$W,21,FALSE)*Q21/10000) -> 3906.25 | AH21: =IF(R21="",0,VLOOKUP(R21,Table_Data_Item!$C:$W,21,FALSE)*S21/10000) -> 2343.75 | AI21: =IF(T21="",0,VLOOKUP(T21,Table_Data_Item!$C:$W,21,FALSE)*U21/10000) -> 0 | AJ21: =IF(V21="",0,VLOOKUP(V21,Table_Data_Item!$C:$W,21,FALSE)*W21/10000) -> 0 | AK21: =IF(X21="",0,VLOOKUP(X21,Table_Data_Item!$C:$W,21,FALSE)*Y21/10000) -> 0 | AL21: =IF(Z21="",0,VLOOKUP(Z21,Table_Data_Item!$C:$W,21,FALSE)*AA21/10000) -> 0 | AM21: =IF(AB21="",0,VLOOKUP(AB21,Table_Data_Item!$C:$W,21,FALSE)*AC21/10000) -> 0
A22: A등급 맵 골드 보상 | B22: 4 | C22: 2 | D22: =VLOOKUP(B22,$B$2:$G$5,2+C22,FALSE) -> 1080 | E22: =F22+G22*0.5+SUM(AD22:AM22) -> 14062.5 | F22: =IF(C22>0,0,VLOOKUP(B22,$B$2:$G$5,5,FALSE)) -> 0 | G22: =IF(C22>0,0,VLOOKUP(B22,$B$2:$G$5,6,FALSE))*2 -> 0 | J22: item_equip_n_we_29 | K22: 50 | L22: item_equip_n_we_32 | M22: 50 | N22: item_equip_n_we_35 | O22: 50 | AD22: =IF(J22="",0,VLOOKUP(J22,Table_Data_Item!$C:$W,21,FALSE)*K22/10000) -> 4687.5 | AE22: =IF(L22="",0,VLOOKUP(L22,Table_Data_Item!$C:$W,21,FALSE)*M22/10000) -> 4687.5 | AF22: =IF(N22="",0,VLOOKUP(N22,Table_Data_Item!$C:$W,21,FALSE)*O22/10000) -> 4687.5 | AG22: =IF(P22="",0,VLOOKUP(P22,Table_Data_Item!$C:$W,21,FALSE)*Q22/10000) -> 0 | AH22: =IF(R22="",0,VLOOKUP(R22,Table_Data_Item!$C:$W,21,FALSE)*S22/10000) -> 0 | AI22: =IF(T22="",0,VLOOKUP(T22,Table_Data_Item!$C:$W,21,FALSE)*U22/10000) -> 0 | AJ22: =IF(V22="",0,VLOOKUP(V22,Table_Data_Item!$C:$W,21,FALSE)*W22/10000) -> 0 | AK22: =IF(X22="",0,VLOOKUP(X22,Table_Data_Item!$C:$W,21,FALSE)*Y22/10000) -> 0 | AL22: =IF(Z22="",0,VLOOKUP(Z22,Table_Data_Item!$C:$W,21,FALSE)*AA22/10000) -> 0 | AM22: =IF(AB22="",0,VLOOKUP(AB22,Table_Data_Item!$C:$W,21,FALSE)*AC22/10000) -> 0

Sheet 설정
A1: 초당 보상 기준 | B1: 10
A2: 표준 플레이 타임 | B2: 60
A3: 등급 가중치 | B3: 0.2
A4: 결과 가중치 | B4: 0.5
A5: 랜덤 비율 | B5: 0.2

Sheet Table_Data_Item
A1: Id | B1: dev_name | C1: Name | D1: STR | E1: DESC | F1: Grade | G1: Type | H1: Slot_Idx | I1: SATK | J1: LATK | K1: DEF | L1: ASPD | M1: SPD | N1: HP | O1: Effect | P1: Effect_Value | Q1: Option_1 | R1: Option_2 | S1: Option_3 | T1: Option_4 | U1: Option_5 | V1: Is_Stack | W1: Price | X1: Coin_Price | Y1: Key | Z1: Key_Amount | AA1: Icon | AB1: Drop_1 | AC1: Drop_2 | AD1: Drop_3
A2: 30000 | B2: 빨간 물약 | C2: item_potion_heal_01 | D2: STR_ITEM_POTION_HEAL_01 | E2: STR_ITEM_POTION_HEAL_01_DESC | F2: 0 | G2: Potion | H2: 0 | I2: 0 | J2: 0 | K2: 0 | L2: 0 | M2: 0 | N2: 0 | O2: ADD_HP | P2: 20 | V2: TRUE | W2: 200 | X2: 0 | Z2: 0 | AA2: icon_item_0001
A3: 30001 | B3: 주황 물약 | C3: item_potion_heal_02 | D3: STR_ITEM_POTION_HEAL_02 | E3: STR_ITEM_POTION_HEAL_02_DESC | F3: 0 | G3: Potion | H3: 0 | I3: 0 | J3: 0 | K3: 0 | L3: 0 | M3: 0 | N3: 0 | O3: ADD_HP | P3: 60 | V3: TRUE | W3: 600 | X3: 0 | Z3: 0 | AA3: icon_item_0002
A4: 30002 | B4: 보라 물약 | C4: item_potion_heal_03 | D4: STR_ITEM_POTION_HEAL_03 | E4: STR_ITEM_POTION_HEAL_03_DESC | F4: 0 | G4: Potion | H4: 0 | I4: 0 | J4: 0 | K4: 0 | L4: 0 | M4: 0 | N4: 0 | O4: ADD_HP | P4: 100 | V4: TRUE | W4: 1000 | X4: 0 | Z4: 0 | AA4: icon_item_0003
A5: 30003 | B5: 노랑 물약 | C5: item_potion_heal_04 | D5: STR_ITEM_POTION_HEAL_04 | E5: STR_ITEM_POTION_HEAL_04_DESC | F5: 0 | G5: Potion | H5: 0 | I5: 0 | J5: 0 | K5: 0 | L5: 0 | M5: 0 | N5: 0 | O5: ADD_HP | P5: 150 | V5: TRUE | W5: 1500 | X5: 0 | Z5: 0 | AA5: icon_item_0004
A6: 30004 | B6: 하얀 물약 | C6: item_potion_heal_05 | D6: STR_ITEM_POTION_HEAL_05 | E6: STR_ITEM_POTION_HEAL_05_DESC | F6: 0 | G6: Potion | H6: 0 | I6: 0 | J6: 0 | K6: 0 | L6: 0 | M6: 0 | N6: 0 | O6: ADD_HP | P6: 200 | V6: TRUE | W6: 2000 | X6: 0 | Z6: 0 | AA6: icon_item_0005
A7: 31000 | B7: 낡은 옷 | C7: item_equip_n_ar_01 | D7: STR_ITEM_EQUIP_N_AR_01 | E7: STR_ITEM_EQUIP_N_AR_01_DESC | F7: 1 | G7: Equip | H7: 2 | I7: 0 | J7: 0 | K7: 2 | L7: 0 | M7: 0 | N7: 0 | O7: None | P7: 0 | V7: FALSE | W7: 10 | X7: 0 | Z7: 0 | AA7: icon_item_1000
A8: 31001 | B8: 가죽 갑옷 | C8: item_equip_n_ar_02 | D8: STR_ITEM_EQUIP_N_AR_02 | E8: STR_ITEM_EQUIP_N_AR_02_DESC | F8: 1 | G8: Equip | H8: 2 | I8: 0 | J8: 0 | K8: 4 | L8: 0 | M8: 0 | N8: 0 | O8: None | P8: 0 | V8: FALSE | W8: 5000 | X8: 0 | Z8: 0 | AA8: icon_item_1001
A9: 31002 | B9: 강화 가죽 갑옷 | C9: item_equip_n_ar_03 | D9: STR_ITEM_EQUIP_N_AR_03 | E9: STR_ITEM_EQUIP_N_AR_03_DESC | F9: 1 | G9: Equip | H9: 2 | I9: 0 | J9: 0 | K9: 5 | L9: 0 | M9: 0 | N9: 0 | O9: None | P9: 0 | V9: FALSE | W9: 7500 | X9: 0 | Z9: 0 | AA9: icon_item_1002
A10: 31003 | B10: 레어 가죽 갑옷 | C10: item_equip_n_ar_04 | D10: STR_ITEM_EQUIP_N_AR_04 | E10: STR_ITEM_EQUIP_N_AR_04_DESC | F10: 1 | G10: Equip | H10: 2 | I10: 0 | J10: 0 | K10: 5 | L10: 0 | M10: 0 | N10: 0 | O10: None | P10: 0 | Q10: option_pow_01 | R10: option_dex_01 | S10: option_int_01 | T10: option_con_01 | U10: option_luc_01 | V10: FALSE | W10: 10000 | X10: 0 | Z10: 0 | AA10: icon_item_1003
A11: 31004 | B11: 천 옷 | C11: item_equip_n_ar_05 | D11: STR_ITEM_EQUIP_N_AR_05 | E11: STR_ITEM_EQUIP_N_AR_05_DESC | F11: 1 | G11: Equip | H11: 2 | I11: 0 | J11: 0 | K11: 2 | L11: 0 | M11: 0 | N11: 20 | O11: None | P11: 0 | V11: FALSE | W11: 5000 | X11: 0 | Z11: 0 | AA11: icon_item_1201
A12: 31005 | B12: 강화 천 옷 | C12: item_equip_n_ar_06 | D12: STR_ITEM_EQUIP_N_AR_06 | E12: STR_ITEM_EQUIP_N_AR_06_DESC | F12: 1 | G12: Equip | H12: 2 | I12: 0 | J12: 0 | K12: 3 | L12: 0 | M12: 0 | N12: 30 | O12: None | P12: 0 | V12: FALSE | W12: 7500 | X12: 0 | Z12: 0 | AA12: icon_item_1202
A13: 31006 | B13: 레어 천 옷 | C13: item_equip_n_ar_07 | D13: STR_ITEM_EQUIP_N_AR_07 | E13: STR_ITEM_EQUIP_N_AR_07_DESC | F13: 1 | G13: Equip | H13: 2 | I13: 0 | J13: 0 | K13: 3 | L13: 0 | M13: 0 | N13: 30 | O13: None | P13: 0 | Q13: option_pow_01 | R13: option_dex_01 | S13: option_int_01 | T13: option_con_01 | U13: option_luc_01 | V13: FALSE | W13: 10000 | X13: 0 | Z13: 0 | AA13: icon_item_1203
A14: 31007 | B14: 구리 갑옷 | C14: item_equip_n_ar_08 | D14: STR_ITEM_EQUIP_N_AR_08 | E14: STR_ITEM_EQUIP_N_AR_08_DESC | F14: 2 | G14: Equip | H14: 2 | I14: 0 | J14: 0 | K14: 8 | L14: 0 | M14: 0 | N14: 0 | O14: None | P14: 0 | V14: FALSE | W14: 25000 | X14: 0 | Z14: 0 | AA14: icon_item_1003
A15: 31008 | B15: 강화 구리 갑옷 | C15: item_equip_n_ar_09 | D15: STR_ITEM_EQUIP_N_AR_09 | E15: STR_ITEM_EQUIP_N_AR_09_DESC | F15: 2 | G15: Equip | H15: 2 | I15: 0 | J15: 0 | K15: 9 | L15: 0 | M15: 0 | N15: 0 | O15: None | P15: 0 | V15: FALSE | W15: 37500 | X15: 0 | Z15: 0 | AA15: icon_item_1004
A16: 31009 | B16: 레어 구리 갑옷 | C16: item_equip_n_ar_10 | D16: STR_ITEM_EQUIP_N_AR_10 | E16: STR_ITEM_EQUIP_N_AR_10_DESC | F16: 2 | G16: Equip | H16: 2 | I16: 0 | J16: 0 | K16: 9 | L16: 0 | M16: 0 | N16: 0 | O16: None | P16: 0 | Q16: option_pow_01 | R16: option_dex_01 | S16: option_int_01 | T16: option_con_01 | U16: option_luc_01 | V16: FALSE | W16: 50000 | X16: 0 | Z16: 0 | AA16: icon_item_1004
A17: 31010 | B17: 가죽 옷 | C17: item_equip_n_ar_11 | D17: STR_ITEM_EQUIP_N_AR_11 | E17: STR_ITEM_EQUIP_N_AR_11_DESC | F17: 2 | G17: Equip | H17: 2 | I17: 0 | J17: 0 | K17: 4 | L17: 0 | M17: 0 | N17: 40 | O17: None | P17: 0 | V17: FALSE | W17: 25000 | X17: 0 | Z17: 0 | AA17: icon_item_1204
A18: 31011 | B18: 강화 가죽 옷 | C18: item_equip_n_ar_12 | D18: STR_ITEM_EQUIP_N_AR_12 | E18: STR_ITEM_EQUIP_N_AR_12_DESC | F18: 2 | G18: Equip | H18: 2 | I18: 0 | J18: 0 | K18: 5 | L18: 0 | M18: 0 | N18: 50 | O18: None | P18: 0 | V18: FALSE | W18: 37500 | X18: 0 | Z18: 0 | AA18: icon_item_1205
A19: 31012 | B19: 레어 가죽 옷 | C19: item_equip_n_ar_13 | D19: STR_ITEM_EQUIP_N_AR_13 | E19: STR_ITEM_EQUIP_N_AR_13_DESC | F19: 2 | G19: Equip | H19: 2 | I19: 0 | J19: 0 | K19: 5 | L19: 0 | M19: 0 | N19: 50 | O19: None | P19: 0 | Q19: option_pow_01 | R19: option_dex_01 | S19: option_int_01 | T19: option_con_01 | U19: option_luc_01 | V19: FALSE | W19: 50000 | X19: 0 | Z19: 0 | AA19: icon_item_1206
A20: 31013 | B20: 황동 갑옷 | C20: item_equip_n_ar_14 | D20: STR_ITEM_EQUIP_N_AR_14 | E20: STR_ITEM_EQUIP_N_AR_14_DESC | F20: 3 | G20: Equip | H20: 2 | I20: 0 | J20: 0 | K20: 12 | L20: 0 | M20: 0 | N20: 0 | O20: None | P20: 0 | V20: FALSE | W20: 125000 | X20: 0 | Z20: 0 | AA20: icon_item_1005
A21: 31014 | B21: 강화 황동 갑옷 | C21: item_equip_n_ar_15 | D21: STR_ITEM_EQUIP_N_AR_15 | E21: STR_ITEM_EQUIP_N_AR_15_DESC | F21: 3 | G21: Equip | H21: 2 | I21: 0 | J21: 0 | K21: 13 | L21: 0 | M21: 0 | N21: 0 | O21: None | P21: 0 | V21: FALSE | W21: 187500 | X21: 0 | Z21: 0 | AA21: icon_item_1006
A22: 31015 | B22: 레어 황동 갑옷 | C22: item_equip_n_ar_16 | D22: STR_ITEM_EQUIP_N_AR_16 | E22: STR_ITEM_EQUIP_N_AR_16_DESC | F22: 3 | G22: Equip | H22: 2 | I22: 0 | J22: 0 | K22: 13 | L22: 0 | M22: 0 | N22: 0 | O22: None | P22: 0 | Q22: option_pow_01 | R22: option_dex_01 | S22: option_int_01 | T22: option_con_01 | U22: option_luc_01 | V22: FALSE | W22: 250000 | X22: 0 | Z22: 0 | AA22: icon_item_1006
A23: 31016 | B23: 무복 | C23: item_equip_n_ar_17 | D23: STR_ITEM_EQUIP_N_AR_17 | E23: STR_ITEM_EQUIP_N_AR_17_DESC | F23: 3 | G23: Equip | H23: 2 | I23: 0 | J23: 0 | K23: 6 | L23: 0 | M23: 0 | N23: 60 | O23: None | P23: 0 | V23: FALSE | W23: 125000 | X23: 0 | Z23: 0 | AA23: icon_item_1207
A24: 31017 | B24: 장식된 무복 | C24: item_equip_n_ar_18 | D24: STR_ITEM_EQUIP_N_AR_18 | E24: STR_ITEM_EQUIP_N_AR_18_DESC | F24: 3 | G24: Equip | H24: 2 | I24: 0 | J24: 0 | K24: 7 | L24: 0 | M24: 0 | N24: 70 | O24: None | P24: 0 | V24: FALSE | W24: 187500 | X24: 0 | Z24: 0 | AA24: icon_item_1208
A25: 31018 | B25: 레어 무복 | C25: item_equip_n_ar_19 | D25: STR_ITEM_EQUIP_N_AR_19 | E25: STR_ITEM_EQUIP_N_AR_19_DESC | F25: 3 | G25: Equip | H25: 2 | I25: 0 | J25: 0 | K25: 7 | L25: 0 | M25: 0 | N25: 70 | O25: None | P25: 0 | Q25: option_pow_01 | R25: option_dex_01 | S25: option_int_01 | T25: option_con_01 | U25: option_luc_01 | V25: FALSE | W25: 250000 | X25: 0 | Z25: 0 | AA25: icon_item_1209
A26: 31019 | B26: 철 갑옷 | C26: item_equip_n_ar_20 | D26: STR_ITEM_EQUIP_N_AR_20 | E26: STR_ITEM_EQUIP_N_AR_20_DESC | F26: 4 | G26: Equip | H26: 2 | I26: 0 | J26: 0 | K26: 16 | L26: 0 | M26: 0 | N26: 0 | O26: None | P26: 0 | V26: FALSE | W26: 625000 | X26: 0 | Z26: 0 | AA26: icon_item_1005
A27: 31020 | B27: 강화 철 갑옷 | C27: item_equip_n_ar_21 | D27: STR_ITEM_EQUIP_N_AR_21 | E27: STR_ITEM_EQUIP_N_AR_21_DESC | F27: 4 | G27: Equip | H27: 2 | I27: 0 | J27: 0 | K27: 17 | L27: 0 | M27: 0 | N27: 0 | O27: None | P27: 0 | V27: FALSE | W27: 937500 | X27: 0 | Z27: 0 | AA27: icon_item_1006
A28: 31021 | B28: 레어 철 갑옷 | C28: item_equip_n_ar_22 | D28: STR_ITEM_EQUIP_N_AR_22 | E28: STR_ITEM_EQUIP_N_AR_22_DESC | F28: 4 | G28: Equip | H28: 2 | I28: 0 | J28: 0 | K28: 17 | L28: 0 | M28: 0 | N28: 0 | O28: None | P28: 0 | Q28: option_pow_01 | R28: option_dex_01 | S28: option_int_01 | T28: option_con_01 | U28: option_luc_01 | V28: FALSE | W28: 1250000 | X28: 0 | Z28: 0 | AA28: icon_item_1006
A29: 31022 | B29: 법사 옷 | C29: item_equip_n_ar_23 | D29: STR_ITEM_EQUIP_N_AR_23 | E29: STR_ITEM_EQUIP_N_AR_23_DESC | F29: 4 | G29: Equip | H29: 2 | I29: 0 | J29: 0 | K29: 8 | L29: 0 | M29: 0 | N29: 80 | O29: None | P29: 0 | V29: FALSE | W29: 625000 | X29: 0 | Z29: 0 | AA29: icon_item_1207
A30: 31023 | B30: 장식된 법사 옷 | C30: item_equip_n_ar_24 | D30: STR_ITEM_EQUIP_N_AR_24 | E30: STR_ITEM_EQUIP_N_AR_24_DESC | F30: 4 | G30: Equip | H30: 2 | I30: 0 | J30: 0 | K30: 9 | L30: 0 | M30: 0 | N30: 90 | O30: None | P30: 0 | V30: FALSE | W30: 937500 | X30: 0 | Z30: 0 | AA30: icon_item_1208
A31: 31024 | B31: 레어 법사 옷 | C31: item_equip_n_ar_25 | D31: STR_ITEM_EQUIP_N_AR_25 | E31: STR_ITEM_EQUIP_N_AR_25_DESC | F31: 4 | G31: Equip | H31: 2 | I31: 0 | J31: 0 | K31: 9 | L31: 0 | M31: 0 | N31: 90 | O31: None | P31: 0 | Q31: option_pow_01 | R31: option_dex_01 | S31: option_int_01 | T31: option_con_01 | U31: option_luc_01 | V31: FALSE | W31: 1250000 | X31: 0 | Z31: 0 | AA31: icon_item_1209
A32: 32000 | B32: 구리 반지 | C32: item_equip_n_ac_01 | D32: STR_ITEM_EQUIP_N_AC_01 | E32: STR_ITEM_EQUIP_N_AC_01_DESC | F32: 1 | G32: Equip | H32: 0 | I32: 0 | J32: 0 | K32: 0 | L32: 10 | M32: 0 | N32: 0 | O32: None | P32: 0 | V32: FALSE | W32: 10 | X32: 0 | Z32: 0 | AA32: icon_item_2000
A33: 32001 | B33: 은 반지 | C33: item_equip_n_ac_02 | D33: STR_ITEM_EQUIP_N_AC_02 | E33: STR_ITEM_EQUIP_N_AC_02_DESC | F33: 1 | G33: Equip | H33: 0 | I33: 0 | J33: 0 | K33: 0 | L33: 15 | M33: 0 | N33: 0 | O33: None | P33: 0 | V33: FALSE | W33: 6250 | X33: 0 | Z33: 0 | AA33: icon_item_2001
A34: 32002 | B34: 금 반지 | C34: item_equip_n_ac_03 | D34: STR_ITEM_EQUIP_N_AC_03 | E34: STR_ITEM_EQUIP_N_AC_03_DESC | F34: 1 | G34: Equip | H34: 0 | I34: 0 | J34: 0 | K34: 0 | L34: 20 | M34: 0 | N34: 0 | O34: None | P34: 0 | V34: FALSE | W34: 9370 | X34: 0 | Z34: 0 | AA34: icon_item_2002
A35: 32003 | B35: 마법사의 반지 | C35: item_equip_n_ac_04 | D35: STR_ITEM_EQUIP_N_AC_04 | E35: STR_ITEM_EQUIP_N_AC_04_DESC | F35: 1 | G35: Equip | H35: 0 | I35: 0 | J35: 0 | K35: 0 | L35: 22 | M35: 0 | N35: 0 | O35: None | P35: 0 | Q35: option_pow_01 | R35: option_dex_01 | S35: option_int_01 | T35: option_con_01 | U35: option_luc_01 | V35: FALSE | W35: 12500 | X35: 0 | Z35: 0 | AA35: icon_item_2003
A36: 32004 | B36: 백금 반지 | C36: item_equip_n_ac_05 | D36: STR_ITEM_EQUIP_N_AC_05 | E36: STR_ITEM_EQUIP_N_AC_05_DESC | F36: 2 | G36: Equip | H36: 0 | I36: 0 | J36: 0 | K36: 0 | L36: 25 | M36: 0 | N36: 0 | O36: None | P36: 0 | V36: FALSE | W36: 31250 | X36: 0 | Z36: 0 | AA36: icon_item_2001
A37: 32005 | B37: 순금 반지 | C37: item_equip_n_ac_06 | D37: STR_ITEM_EQUIP_N_AC_06 | E37: STR_ITEM_EQUIP_N_AC_06_DESC | F37: 2 | G37: Equip | H37: 0 | I37: 0 | J37: 0 | K37: 0 | L37: 30 | M37: 0 | N37: 0 | O37: None | P37: 0 | V37: FALSE | W37: 46850 | X37: 0 | Z37: 0 | AA37: icon_item_2002
A38: 32006 | B38: 붉은 마법 반지 | C38: item_equip_n_ac_07 | D38: STR_ITEM_EQUIP_N_AC_07 | E38: STR_ITEM_EQUIP_N_AC_07_DESC | F38: 2 | G38: Equip | H38: 0 | I38: 0 | J38: 0 | K38: 0 | L38: 32 | M38: 0 | N38: 0 | O38: None | P38: 0 | Q38: option_pow_01 | R38: option_dex_01 | S38: option_int_01 | T38: option_con_01 | U38: option_luc_01 | V38: FALSE | W38: 62500 | X38: 0 | Z38: 0 | AA38: icon_item_2003
A39: 32007 | B39: 사파이어 반지 | C39: item_equip_n_ac_08 | D39: STR_ITEM_EQUIP_N_AC_08 | E39: STR_ITEM_EQUIP_N_AC_08_DESC | F39: 3 | G39: Equip | H39: 0 | I39: 0 | J39: 0 | K39: 0 | L39: 35 | M39: 0 | N39: 0 | O39: None | P39: 0 | V39: FALSE | W39: 156250 | X39: 0 | Z39: 0 | AA39: icon_item_2001
A40: 32008 | B40: 루비 반지 | C40: item_equip_n_ac_09 | D40: STR_ITEM_EQUIP_N_AC_09 | E40: STR_ITEM_EQUIP_N_AC_09_DESC | F40: 3 | G40: Equip | H40: 0 | I40: 0 | J40: 0 | K40: 0 | L40: 40 | M40: 0 | N40: 0 | O40: None | P40: 0 | V40: FALSE | W40: 234250 | X40: 0 | Z40: 0 | AA40: icon_item_2002
A41: 32009 | B41: 푸른 마법 반지 | C41: item_equip_n_ac_10 | D41: STR_ITEM_EQUIP_N_AC_10 | E41: STR_ITEM_EQUIP_N_AC_10_DESC | F41: 3 | G41: Equip | H41: 0 | I41: 0 | J41: 0 | K41: 0 | L41: 42 | M41: 0 | N41: 0 | O41: None | P41: 0 | Q41: option_pow_01 | R41: option_dex_01 | S41: option_int_01 | T41: option_con_01 | U41: option_luc_01 | V41: FALSE | W41: 312500 | X41: 0 | Z41: 0 | AA41: icon_item_2003
A42: 32010 | B42: 에메랄드 반지 | C42: item_equip_n_ac_11 | D42: STR_ITEM_EQUIP_N_AC_11 | E42: STR_ITEM_EQUIP_N_AC_11_DESC | F42: 4 | G42: Equip | H42: 0 | I42: 0 | J42: 0 | K42: 0 | L42: 45 | M42: 0 | N42: 0 | O42: None | P42: 0 | V42: FALSE | W42: 781250 | X42: 0 | Z42: 0 | AA42: icon_item_2001
A43: 32011 | B43: 혈석 반지 | C43: item_equip_n_ac_12 | D43: STR_ITEM_EQUIP_N_AC_12 | E43: STR_ITEM_EQUIP_N_AC_12_DESC | F43: 4 | G43: Equip | H43: 0 | I43: 0 | J43: 0 | K43: 0 | L43: 50 | M43: 0 | N43: 0 | O43: None | P43: 0 | V43: FALSE | W43: 1171250 | X43: 0 | Z43: 0 | AA43: icon_item_2002
A44: 32012 | B44: 달의 반지 | C44: item_equip_n_ac_13 | D44: STR_ITEM_EQUIP_N_AC_13 | E44: STR_ITEM_EQUIP_N_AC_13_DESC | F44: 4 | G44: Equip | H44: 0 | I44: 0 | J44: 0 | K44: 0 | L44: 52 | M44: 0 | N44: 0 | O44: None | P44: 0 | Q44: option_pow_01 | R44: option_dex_01 | S44: option_int_01 | T44: option_con_01 | U44: option_luc_01 | V44: FALSE | W44: 1562500 | X44: 0 | Z44: 0 | AA44: icon_item_2003
A45: 33000 | B45: 낡은 신발 | C45: item_equip_n_bo_01 | D45: STR_ITEM_EQUIP_N_BO_01 | E45: STR_ITEM_EQUIP_N_BO_01_DESC | F45: 1 | G45: Equip | H45: 3 | I45: 0 | J45: 0 | K45: 1 | L45: 0 | M45: 5 | N45: 0 | O45: None | P45: 0 | V45: FALSE | W45: 10 | X45: 0 | Z45: 0 | AA45: icon_item_3000
A46: 33001 | B46: 나무 신발 | C46: item_equip_n_bo_02 | D46: STR_ITEM_EQUIP_N_BO_02 | E46: STR_ITEM_EQUIP_N_BO_02_DESC | F46: 1 | G46: Equip | H46: 3 | I46: 0 | J46: 0 | K46: 1 | L46: 0 | M46: 10 | N46: 0 | O46: None | P46: 0 | V46: FALSE | W46: 3750 | X46: 0 | Z46: 0 | AA46: icon_item_3001
A47: 33002 | B47: 나무 장화 | C47: item_equip_n_bo_03 | D47: STR_ITEM_EQUIP_N_BO_03 | E47: STR_ITEM_EQUIP_N_BO_03_DESC | F47: 1 | G47: Equip | H47: 3 | I47: 0 | J47: 0 | K47: 1 | L47: 0 | M47: 12 | N47: 0 | O47: None | P47: 0 | V47: FALSE | W47: 5630 | X47: 0 | Z47: 0 | AA47: icon_item_3002
A48: 33003 | B48: 강화 나무 장화 | C48: item_equip_n_bo_04 | D48: STR_ITEM_EQUIP_N_BO_04 | E48: STR_ITEM_EQUIP_N_BO_04_DESC | F48: 1 | G48: Equip | H48: 3 | I48: 0 | J48: 0 | K48: 1 | L48: 0 | M48: 13 | N48: 0 | O48: None | P48: 0 | Q48: option_pow_01 | R48: option_dex_01 | S48: option_int_01 | T48: option_con_01 | U48: option_luc_01 | V48: FALSE | W48: 7500 | X48: 0 | Z48: 0 | AA48: icon_item_3003
A49: 33004 | B49: 가죽 신발 | C49: item_equip_n_bo_05 | D49: STR_ITEM_EQUIP_N_BO_05 | E49: STR_ITEM_EQUIP_N_BO_05_DESC | F49: 2 | G49: Equip | H49: 3 | I49: 0 | J49: 0 | K49: 3 | L49: 0 | M49: 15 | N49: 0 | O49: None | P49: 0 | V49: FALSE | W49: 18750 | X49: 0 | Z49: 0 | AA49: icon_item_3001
A50: 33005 | B50: 가죽 장화 | C50: item_equip_n_bo_06 | D50: STR_ITEM_EQUIP_N_BO_06 | E50: STR_ITEM_EQUIP_N_BO_06_DESC | F50: 2 | G50: Equip | H50: 3 | I50: 0 | J50: 0 | K50: 3 | L50: 0 | M50: 17 | N50: 0 | O50: None | P50: 0 | V50: FALSE | W50: 28130 | X50: 0 | Z50: 0 | AA50: icon_item_3002
A51: 33006 | B51: 강화 가죽 장화 | C51: item_equip_n_bo_07 | D51: STR_ITEM_EQUIP_N_BO_07 | E51: STR_ITEM_EQUIP_N_BO_07_DESC | F51: 2 | G51: Equip | H51: 3 | I51: 0 | J51: 0 | K51: 3 | L51: 0 | M51: 18 | N51: 0 | O51: None | P51: 0 | V51: FALSE | W51: 37500 | X51: 0 | Z51: 0 | AA51: icon_item_3003
A52: 33007 | B52: 황동 신발 | C52: item_equip_n_bo_08 | D52: STR_ITEM_EQUIP_N_BO_08 | E52: STR_ITEM_EQUIP_N_BO_08_DESC | F52: 3 | G52: Equip | H52: 3 | I52: 0 | J52: 0 | K52: 5 | L52: 0 | M52: 20 | N52: 0 | O52: None | P52: 0 | Q52: option_pow_01 | R52: option_dex_01 | S52: option_int_01 | T52: option_con_01 | U52: option_luc_01 | V52: FALSE | W52: 93750 | X52: 0 | Z52: 0 | AA52: icon_item_3001
A53: 33008 | B53: 황동 장화 | C53: item_equip_n_bo_09 | D53: STR_ITEM_EQUIP_N_BO_09 | E53: STR_ITEM_EQUIP_N_BO_09_DESC | F53: 3 | G53: Equip | H53: 3 | I53: 0 | J53: 0 | K53: 5 | L53: 0 | M53: 22 | N53: 0 | O53: None | P53: 0 | V53: FALSE | W53: 140630 | X53: 0 | Z53: 0 | AA53: icon_item_3002
A54: 33009 | B54: 강화 황동 장화 | C54: item_equip_n_bo_10 | D54: STR_ITEM_EQUIP_N_BO_10 | E54: STR_ITEM_EQUIP_N_BO_10_DESC | F54: 3 | G54: Equip | H54: 3 | I54: 0 | J54: 0 | K54: 5 | L54: 0 | M54: 23 | N54: 0 | O54: None | P54: 0 | V54: FALSE | W54: 187500 | X54: 0 | Z54: 0 | AA54: icon_item_3003
A55: 33010 | B55: 철 신발 | C55: item_equip_n_bo_11 | D55: STR_ITEM_EQUIP_N_BO_11 | E55: STR_ITEM_EQUIP_N_BO_11_DESC | F55: 4 | G55: Equip | H55: 3 | I55: 0 | J55: 0 | K55: 7 | L55: 0 | M55: 25 | N55: 0 | O55: None | P55: 0 | V55: FALSE | W55: 468750 | X55: 0 | Z55: 0 | AA55: icon_item_3001
A56: 33011 | B56: 철 장화 | C56: item_equip_n_bo_12 | D56: STR_ITEM_EQUIP_N_BO_12 | E56: STR_ITEM_EQUIP_N_BO_12_DESC | F56: 4 | G56: Equip | H56: 3 | I56: 0 | J56: 0 | K56: 7 | L56: 0 | M56: 27 | N56: 0 | O56: None | P56: 0 | Q56: option_pow_01 | R56: option_dex_01 | S56: option_int_01 | T56: option_con_01 | U56: option_luc_01 | V56: FALSE | W56: 703130 | X56: 0 | Z56: 0 | AA56: icon_item_3002
A57: 33012 | B57: 강화 철 장화 | C57: item_equip_n_bo_13 | D57: STR_ITEM_EQUIP_N_BO_13 | E57: STR_ITEM_EQUIP_N_BO_13_DESC | F57: 4 | G57: Equip | H57: 3 | I57: 0 | J57: 0 | K57: 7 | L57: 0 | M57: 28 | N57: 0 | O57: None | P57: 0 | V57: FALSE | W57: 937500 | X57: 0 | Z57: 0 | AA57: icon_item_3003
A58: 34000 | B58: 나무 막대기 | C58: item_equip_n_we_01 | D58: STR_ITEM_EQUIP_N_WE_01 | E58: STR_ITEM_EQUIP_N_WE_01_DESC | F58: 1 | G58: Equip | H58: 1 | I58: 2 | J58: 2 | K58: 0 | L58: 1200 | M58: 0 | N58: 0 | O58: None | P58: 0 | V58: FALSE | W58: 10 | X58: 0 | Z58: 0 | AA58: icon_item_4000
A59: 34001 | B59: 넓은 검 | C59: item_equip_n_we_02 | D59: STR_ITEM_EQUIP_N_WE_02 | E59: STR_ITEM_EQUIP_N_WE_02_DESC | F59: 1 | G59: Equip | H59: 1 | I59: 3 | J59: 2 | K59: 0 | L59: 1200 | M59: 0 | N59: 0 | O59: None | P59: 0 | V59: FALSE | W59: 7500 | X59: 0 | Z59: 0 | AA59: icon_item_4001
A60: 34002 | B60: 장검 | C60: item_equip_n_we_03 | D60: STR_ITEM_EQUIP_N_WE_03 | E60: STR_ITEM_EQUIP_N_WE_03_DESC | F60: 1 | G60: Equip | H60: 1 | I60: 4 | J60: 2 | K60: 0 | L60: 1200 | M60: 0 | N60: 0 | O60: None | P60: 0 | V60: FALSE | W60: 11250 | X60: 0 | Z60: 0 | AA60: icon_item_4002
A61: 34003 | B61: 담로 | C61: item_equip_n_we_04 | D61: STR_ITEM_EQUIP_N_WE_04 | E61: STR_ITEM_EQUIP_N_WE_04_DESC | F61: 1 | G61: Equip | H61: 1 | I61: 4 | J61: 2 | K61: 0 | L61: 1150 | M61: 0 | N61: 0 | O61: None | P61: 0 | Q61: option_pow_01 | R61: option_dex_01 | S61: option_int_01 | T61: option_con_01 | U61: option_luc_01 | V61: FALSE | W61: 15000 | X61: 0 | Z61: 0 | AA61: icon_item_4003
A62: 34004 | B62: 나무 지팡이 | C62: item_equip_n_we_05 | D62: STR_ITEM_EQUIP_N_WE_05 | E62: STR_ITEM_EQUIP_N_WE_05_DESC | F62: 1 | G62: Equip | H62: 1 | I62: 2 | J62: 3 | K62: 0 | L62: 1400 | M62: 0 | N62: 0 | O62: None | P62: 0 | V62: FALSE | W62: 7500 | X62: 0 | Z62: 0 | AA62: icon_item_4201
A63: 34005 | B63: 주목 지팡이 | C63: item_equip_n_we_06 | D63: STR_ITEM_EQUIP_N_WE_06 | E63: STR_ITEM_EQUIP_N_WE_06_DESC | F63: 1 | G63: Equip | H63: 1 | I63: 2 | J63: 4 | K63: 0 | L63: 1400 | M63: 0 | N63: 0 | O63: None | P63: 0 | V63: FALSE | W63: 11250 | X63: 0 | Z63: 0 | AA63: icon_item_4202
A64: 34006 | B64: 악몽의 지팡이 | C64: item_equip_n_we_07 | D64: STR_ITEM_EQUIP_N_WE_07 | E64: STR_ITEM_EQUIP_N_WE_07_DESC | F64: 1 | G64: Equip | H64: 1 | I64: 2 | J64: 4 | K64: 0 | L64: 1350 | M64: 0 | N64: 0 | O64: None | P64: 0 | Q64: option_pow_01 | R64: option_dex_01 | S64: option_int_01 | T64: option_con_01 | U64: option_luc_01 | V64: FALSE | W64: 15000 | X64: 0 | Z64: 0 | AA64: icon_item_4203
A65: 34007 | B65: 단도 | C65: item_equip_n_we_08 | D65: STR_ITEM_EQUIP_N_WE_08 | E65: STR_ITEM_EQUIP_N_WE_08_DESC | F65: 1 | G65: Equip | H65: 1 | I65: 2 | J65: 1 | K65: 0 | L65: 900 | M65: 0 | N65: 0 | O65: None | P65: 0 | V65: FALSE | W65: 7500 | X65: 0 | Z65: 0 | AA65: icon_item_4401
A66: 34008 | B66: 비수 | C66: item_equip_n_we_09 | D66: STR_ITEM_EQUIP_N_WE_09 | E66: STR_ITEM_EQUIP_N_WE_09_DESC | F66: 1 | G66: Equip | H66: 1 | I66: 2 | J66: 1 | K66: 0 | L66: 800 | M66: 0 | N66: 0 | O66: None | P66: 0 | V66: FALSE | W66: 11250 | X66: 0 | Z66: 0 | AA66: icon_item_4402
A67: 34009 | B67: 크리스 | C67: item_equip_n_we_10 | D67: STR_ITEM_EQUIP_N_WE_10 | E67: STR_ITEM_EQUIP_N_WE_10_DESC | F67: 1 | G67: Equip | H67: 1 | I67: 2 | J67: 1 | K67: 0 | L67: 750 | M67: 0 | N67: 0 | O67: None | P67: 0 | Q67: option_pow_01 | R67: option_dex_01 | S67: option_int_01 | T67: option_con_01 | U67: option_luc_01 | V67: FALSE | W67: 15000 | X67: 0 | Z67: 0 | AA67: icon_item_4403
A68: 34010 | B68: 전쟁 검 | C68: item_equip_n_we_11 | D68: STR_ITEM_EQUIP_N_WE_11 | E68: STR_ITEM_EQUIP_N_WE_11_DESC | F68: 2 | G68: Equip | H68: 1 | I68: 5 | J68: 3 | K68: 0 | L68: 1200 | M68: 0 | N68: 0 | O68: None | P68: 0 | V68: FALSE | W68: 37500 | X68: 0 | Z68: 0 | AA68: icon_item_4001
A69: 34011 | B69: 용병 검 | C69: item_equip_n_we_12 | D69: STR_ITEM_EQUIP_N_WE_12 | E69: STR_ITEM_EQUIP_N_WE_12_DESC | F69: 2 | G69: Equip | H69: 1 | I69: 6 | J69: 3 | K69: 0 | L69: 1200 | M69: 0 | N69: 0 | O69: None | P69: 0 | V69: FALSE | W69: 56250 | X69: 0 | Z69: 0 | AA69: icon_item_4002
A70: 34012 | B70: 그람 | C70: item_equip_n_we_13 | D70: STR_ITEM_EQUIP_N_WE_13 | E70: STR_ITEM_EQUIP_N_WE_13_DESC | F70: 2 | G70: Equip | H70: 1 | I70: 6 | J70: 3 | K70: 0 | L70: 1150 | M70: 0 | N70: 0 | O70: None | P70: 0 | Q70: option_pow_01 | R70: option_dex_01 | S70: option_int_01 | T70: option_con_01 | U70: option_luc_01 | V70: FALSE | W70: 75000 | X70: 0 | Z70: 0 | AA70: icon_item_4003
A71: 34013 | B71: 뼈 지팡이 | C71: item_equip_n_we_14 | D71: STR_ITEM_EQUIP_N_WE_14 | E71: STR_ITEM_EQUIP_N_WE_14_DESC | F71: 2 | G71: Equip | H71: 1 | I71: 3 | J71: 5 | K71: 0 | L71: 1400 | M71: 0 | N71: 0 | O71: None | P71: 0 | V71: FALSE | W71: 37500 | X71: 0 | Z71: 0 | AA71: icon_item_4201
A72: 34014 | B72: 전투 지팡이 | C72: item_equip_n_we_15 | D72: STR_ITEM_EQUIP_N_WE_15 | E72: STR_ITEM_EQUIP_N_WE_15_DESC | F72: 2 | G72: Equip | H72: 1 | I72: 3 | J72: 6 | K72: 0 | L72: 1400 | M72: 0 | N72: 0 | O72: None | P72: 0 | V72: FALSE | W72: 56250 | X72: 0 | Z72: 0 | AA72: icon_item_4202
A73: 34015 | B73: 지옥의 지팡이 | C73: item_equip_n_we_16 | D73: STR_ITEM_EQUIP_N_WE_16 | E73: STR_ITEM_EQUIP_N_WE_16_DESC | F73: 2 | G73: Equip | H73: 1 | I73: 3 | J73: 6 | K73: 0 | L73: 1350 | M73: 0 | N73: 0 | O73: None | P73: 0 | Q73: option_pow_01 | R73: option_dex_01 | S73: option_int_01 | T73: option_con_01 | U73: option_luc_01 | V73: FALSE | W73: 75000 | X73: 0 | Z73: 0 | AA73: icon_item_4203
A74: 34016 | B74: 뿔 단도 | C74: item_equip_n_we_17 | D74: STR_ITEM_EQUIP_N_WE_17 | E74: STR_ITEM_EQUIP_N_WE_17_DESC | F74: 2 | G74: Equip | H74: 1 | I74: 3 | J74: 2 | K74: 0 | L74: 900 | M74: 0 | N74: 0 | O74: None | P74: 0 | V74: FALSE | W74: 37500 | X74: 0 | Z74: 0 | AA74: icon_item_4401
A75: 34017 | B75: 톱날 단도 | C75: item_equip_n_we_18 | D75: STR_ITEM_EQUIP_N_WE_18 | E75: STR_ITEM_EQUIP_N_WE_18_DESC | F75: 2 | G75: Equip | H75: 1 | I75: 3 | J75: 2 | K75: 0 | L75: 800 | M75: 0 | N75: 0 | O75: None | P75: 0 | V75: FALSE | W75: 56250 | X75: 0 | Z75: 0 | AA75: icon_item_4402
A76: 34018 | B76: 아수라 | C76: item_equip_n_we_19 | D76: STR_ITEM_EQUIP_N_WE_19 | E76: STR_ITEM_EQUIP_N_WE_19_DESC | F76: 2 | G76: Equip | H76: 1 | I76: 3 | J76: 2 | K76: 0 | L76: 750 | M76: 0 | N76: 0 | O76: None | P76: 0 | Q76: option_pow_01 | R76: option_dex_01 | S76: option_int_01 | T76: option_con_01 | U76: option_luc_01 | V76: FALSE | W76: 75000 | X76: 0 | Z76: 0 | AA76: icon_item_4403
A77: 34019 | B77: 검투사 검 | C77: item_equip_n_we_20 | D77: STR_ITEM_EQUIP_N_WE_20 | E77: STR_ITEM_EQUIP_N_WE_20_DESC | F77: 3 | G77: Equip | H77: 1 | I77: 7 | J77: 5 | K77: 0 | L77: 1200 | M77: 0 | N77: 0 | O77: None | P77: 0 | V77: FALSE | W77: 187500 | X77: 0 | Z77: 0 | AA77: icon_item_4001
A78: 34020 | B78: 기사 검 | C78: item_equip_n_we_21 | D78: STR_ITEM_EQUIP_N_WE_21 | E78: STR_ITEM_EQUIP_N_WE_21_DESC | F78: 3 | G78: Equip | H78: 1 | I78: 8 | J78: 5 | K78: 0 | L78: 1200 | M78: 0 | N78: 0 | O78: None | P78: 0 | V78: FALSE | W78: 281250 | X78: 0 | Z78: 0 | AA78: icon_item_4002
A79: 34021 | B79: 듀랜달 | C79: item_equip_n_we_22 | D79: STR_ITEM_EQUIP_N_WE_22 | E79: STR_ITEM_EQUIP_N_WE_22_DESC | F79: 3 | G79: Equip | H79: 1 | I79: 8 | J79: 5 | K79: 0 | L79: 1150 | M79: 0 | N79: 0 | O79: None | P79: 0 | Q79: option_pow_01 | R79: option_dex_01 | S79: option_int_01 | T79: option_con_01 | U79: option_luc_01 | V79: FALSE | W79: 375000 | X79: 0 | Z79: 0 | AA79: icon_item_4003
A80: 34022 | B80: 전쟁 지팡이 | C80: item_equip_n_we_23 | D80: STR_ITEM_EQUIP_N_WE_23 | E80: STR_ITEM_EQUIP_N_WE_23_DESC | F80: 3 | G80: Equip | H80: 1 | I80: 5 | J80: 7 | K80: 0 | L80: 1400 | M80: 0 | N80: 0 | O80: None | P80: 0 | V80: FALSE | W80: 187500 | X80: 0 | Z80: 0 | AA80: icon_item_4201
A81: 34023 | B81: 흑요석 지팡이 | C81: item_equip_n_we_24 | D81: STR_ITEM_EQUIP_N_WE_24 | E81: STR_ITEM_EQUIP_N_WE_24_DESC | F81: 3 | G81: Equip | H81: 1 | I81: 5 | J81: 8 | K81: 0 | L81: 1400 | M81: 0 | N81: 0 | O81: None | P81: 0 | V81: FALSE | W81: 281250 | X81: 0 | Z81: 0 | AA81: icon_item_4202
A82: 34024 | B82: 불지옥 지팡이 | C82: item_equip_n_we_25 | D82: STR_ITEM_EQUIP_N_WE_25 | E82: STR_ITEM_EQUIP_N_WE_25_DESC | F82: 3 | G82: Equip | H82: 1 | I82: 5 | J82: 8 | K82: 0 | L82: 1350 | M82: 0 | N82: 0 | O82: None | P82: 0 | Q82: option_pow_01 | R82: option_dex_01 | S82: option_int_01 | T82: option_con_01 | U82: option_luc_01 | V82: FALSE | W82: 375000 | X82: 0 | Z82: 0 | AA82: icon_item_4203
A83: 34025 | B83: 강철 단도 | C83: item_equip_n_we_26 | D83: STR_ITEM_EQUIP_N_WE_26 | E83: STR_ITEM_EQUIP_N_WE_26_DESC | F83: 3 | G83: Equip | H83: 1 | I83: 5 | J83: 3 | K83: 0 | L83: 900 | M83: 0 | N83: 0 | O83: None | P83: 0 | V83: FALSE | W83: 187500 | X83: 0 | Z83: 0 | AA83: icon_item_4401
A84: 34026 | B84: 굴절 단도 | C84: item_equip_n_we_27 | D84: STR_ITEM_EQUIP_N_WE_27 | E84: STR_ITEM_EQUIP_N_WE_27_DESC | F84: 3 | G84: Equip | H84: 1 | I84: 5 | J84: 3 | K84: 0 | L84: 800 | M84: 0 | N84: 0 | O84: None | P84: 0 | V84: FALSE | W84: 281250 | X84: 0 | Z84: 0 | AA84: icon_item_4402
A85: 34027 | B85: 리딜 | C85: item_equip_n_we_28 | D85: STR_ITEM_EQUIP_N_WE_28 | E85: STR_ITEM_EQUIP_N_WE_28_DESC | F85: 3 | G85: Equip | H85: 1 | I85: 5 | J85: 3 | K85: 0 | L85: 750 | M85: 0 | N85: 0 | O85: None | P85: 0 | Q85: option_pow_01 | R85: option_dex_01 | S85: option_int_01 | T85: option_con_01 | U85: option_luc_01 | V85: FALSE | W85: 375000 | X85: 0 | Z85: 0 | AA85: icon_item_4403
A86: 34028 | B86: 해적 검 | C86: item_equip_n_we_29 | D86: STR_ITEM_EQUIP_N_WE_29 | E86: STR_ITEM_EQUIP_N_WE_29_DESC | F86: 4 | G86: Equip | H86: 1 | I86: 9 | J86: 6 | K86: 0 | L86: 1200 | M86: 0 | N86: 0 | O86: None | P86: 0 | V86: FALSE | W86: 937500 | X86: 0 | Z86: 0 | AA86: icon_item_4001
A87: 34029 | B87: 제국 검 | C87: item_equip_n_we_30 | D87: STR_ITEM_EQUIP_N_WE_30 | E87: STR_ITEM_EQUIP_N_WE_30_DESC | F87: 4 | G87: Equip | H87: 1 | I87: 10 | J87: 6 | K87: 0 | L87: 1200 | M87: 0 | N87: 0 | O87: None | P87: 0 | V87: FALSE | W87: 1406250 | X87: 0 | Z87: 0 | AA87: icon_item_4002
A88: 34030 | B88: 막 아 루인 | C88: item_equip_n_we_31 | D88: STR_ITEM_EQUIP_N_WE_31 | E88: STR_ITEM_EQUIP_N_WE_31_DESC | F88: 4 | G88: Equip | H88: 1 | I88: 10 | J88: 6 | K88: 0 | L88: 1150 | M88: 0 | N88: 0 | O88: None | P88: 0 | Q88: option_pow_01 | R88: option_dex_01 | S88: option_int_01 | T88: option_con_01 | U88: option_luc_01 | V88: FALSE | W88: 1875000 | X88: 0 | Z88: 0 | AA88: icon_item_4003
A89: 34031 | B89: 주술 지팡이 | C89: item_equip_n_we_32 | D89: STR_ITEM_EQUIP_N_WE_32 | E89: STR_ITEM_EQUIP_N_WE_32_DESC | F89: 4 | G89: Equip | H89: 1 | I89: 6 | J89: 9 | K89: 0 | L89: 1400 | M89: 0 | N89: 0 | O89: None | P89: 0 | V89: FALSE | W89: 937500 | X89: 0 | Z89: 0 | AA89: icon_item_4201
A90: 34032 | B90: 칠흑 지팡이 | C90: item_equip_n_we_33 | D90: STR_ITEM_EQUIP_N_WE_33 | E90: STR_ITEM_EQUIP_N_WE_33_DESC | F90: 4 | G90: Equip | H90: 1 | I90: 6 | J90: 10 | K90: 0 | L90: 1400 | M90: 0 | N90: 0 | O90: None | P90: 0 | V90: FALSE | W90: 1406250 | X90: 0 | Z90: 0 | AA90: icon_item_4202
A91: 34033 | B91: 대장로의 지팡이 | C91: item_equip_n_we_34 | D91: STR_ITEM_EQUIP_N_WE_34 | E91: STR_ITEM_EQUIP_N_WE_34_DESC | F91: 4 | G91: Equip | H91: 1 | I91: 6 | J91: 10 | K91: 0 | L91: 1350 | M91: 0 | N91: 0 | O91: None | P91: 0 | Q91: option_pow_01 | R91: option_dex_01 | S91: option_int_01 | T91: option_con_01 | U91: option_luc_01 | V91: FALSE | W91: 1875000 | X91: 0 | Z91: 0 | AA91: icon_item_4203
A92: 34034 | B92: 흑철 단검 | C92: item_equip_n_we_35 | D92: STR_ITEM_EQUIP_N_WE_35 | E92: STR_ITEM_EQUIP_N_WE_35_DESC | F92: 4 | G92: Equip | H92: 1 | I92: 6 | J92: 4 | K92: 0 | L92: 900 | M92: 0 | N92: 0 | O92: None | P92: 0 | V92: FALSE | W92: 937500 | X92: 0 | Z92: 0 | AA92: icon_item_4401
A93: 34035 | B93: 룬 단검 | C93: item_equip_n_we_36 | D93: STR_ITEM_EQUIP_N_WE_36 | E93: STR_ITEM_EQUIP_N_WE_36_DESC | F93: 4 | G93: Equip | H93: 1 | I93: 6 | J93: 4 | K93: 0 | L93: 800 | M93: 0 | N93: 0 | O93: None | P93: 0 | V93: FALSE | W93: 1406250 | X93: 0 | Z93: 0 | AA93: icon_item_4402
A94: 34036 | B94: 소울 브링거 | C94: item_equip_n_we_37 | D94: STR_ITEM_EQUIP_N_WE_37 | E94: STR_ITEM_EQUIP_N_WE_37_DESC | F94: 4 | G94: Equip | H94: 1 | I94: 6 | J94: 4 | K94: 0 | L94: 750 | M94: 0 | N94: 0 | O94: None | P94: 0 | Q94: option_pow_01 | R94: option_dex_01 | S94: option_int_01 | T94: option_con_01 | U94: option_luc_01 | V94: FALSE | W94: 1875000 | X94: 0 | Z94: 0 | AA94: icon_item_4403
A95: 35000 | B95: 선물 상자 | C95: item_box_01 | D95: STR_ITEM_BOX_01 | E95: STR_ITEM_BOX_01_DESC | F95: 0 | G95: Box | H95: 0 | I95: 0 | J95: 0 | K95: 0 | L95: 0 | M95: 0 | N95: 0 | O95: None | P95: 0 | V95: TRUE | W95: 100000 | X95: 2 | Z95: 0 | AA95: icon_item_5000 | AB95: drop_0004 | AC95: drop_0003 | AD95: drop_0001
A96: 36000 | B96: 구리열쇠 | C96: item_key_01 | D96: STR_ITEM_KEY_01 | E96: STR_ITEM_KEY_01_DESC | F96: 0 | G96: Key | H96: 0 | I96: 0 | J96: 0 | K96: 0 | L96: 0 | M96: 0 | N96: 0 | O96: None | P96: 0 | V96: TRUE | W96: 1000 | X96: 0 | Z96: 0 | AA96: icon_item_7000
A97: 36001 | B97: 은열쇠 | C97: item_key_02 | D97: STR_ITEM_KEY_02 | E97: STR_ITEM_KEY_02_DESC | F97: 0 | G97: Key | H97: 0 | I97: 0 | J97: 0 | K97: 0 | L97: 0 | M97: 0 | N97: 0 | O97: None | P97: 0 | V97: TRUE | W97: 5000 | X97: 0 | Z97: 0 | AA97: icon_item_7002
A98: 38000 | B98: 퀘스트 아이템 01 | C98: item_quest_01 | D98: STR_ITEM_QUEST_01 | E98: STR_ITEM_QUEST_01_DESC | F98: 0 | G98: Quest | H98: 0 | I98: 0 | J98: 0 | K98: 0 | L98: 0 | M98: 0 | N98: 0 | O98: None | P98: 0 | V98: TRUE | W98: 10 | X98: 0 | Z98: 0 | AA98: icon_item_5000
A99: 38500 | B99: 재료 01 | C99: item_meterial_01 | D99: STR_ITEM_METERIAL_01 | E99: STR_ITEM_METERIAL_01_DESC | F99: 0 | G99: Meterial | H99: 0 | I99: 0 | J99: 0 | K99: 0 | L99: 0 | M99: 0 | N99: 0 | O99: None | P99: 0 | V99: TRUE | W99: 10 | X99: 0 | Z99: 0 | AA99: icon_item_5000
A100: 39000 | B100: 아이템 슬롯 확장권 | C100: item_potion_itemslot_01 | D100: STR_ITEM_POTION_ITEMSLOT_01 | E100: STR_ITEM_POTION_ITEMSLOT_01_DESC | F100: 0 | G100: Potion | H100: 0 | I100: 0 | J100: 0 | K100: 0 | L100: 0 | M100: 0 | N100: 0 | O100: ADD_ITEM_SLOT | P100: 5 | V100: TRUE | W100: 0 | X100: 150 | Z100: 0 | AA100: icon_item_9000
...
