Workbook

Sheet 무기
A1: Id | B1: dev_name | C1: Name | D1: Grade | E1: Type | F1: Slot_Idx | G1: SATK | H1: LATK | I1: DEF | J1: ASPD | K1: SPD | L1: HP | M1: Option | N1: 희귀도 | O1: Price | P1: DPS
A2: 34000 | B2: 낡은 검 | C2: item_equip_n_we_01 | D2: 0 | E2: Equip | F2: 0 | G2: 2 | H2: 2 | I2: 0 | J2: 1200 | K2: 0 | L2: 0 | M2: X | N2: 1 | O2: =ROUNDUP(참조!$C$2 * VLOOKUP("무기",참조!$E:$I,N2+1,FALSE)*POWER(참조!$A$5,D2-1),-1) -> 750 | P2: =G2*1000/$J2 -> 1.6666667 | Q2: =H2*1000/$J2 -> 1.6666667
A3: 34001 | B3: D등급 검 01 | C3: item_equip_n_we_02 | D3: 1 | E3: Equip | F3: 0 | G3: 3 | H3: 2 | I3: 0 | J3: 1200 | K3: 0 | L3: 0 | M3: X | N3: 1 | O3: =ROUNDUP(참조!$C$2 * VLOOKUP("무기",참조!$E:$I,N3+1,FALSE)*POWER(참조!$A$5,D3-1),-1) -> 7500 | P3: =G3*1000/$J3 -> 2.5 | Q3: =H3*1000/$J3 -> 1.6666667
A4: 34002 | B4: D등급 검 02 | C4: item_equip_n_we_03 | D4: 1 | E4: Equip | F4: 0 | G4: 4 | H4: 2 | I4: 0 | J4: 1200 | K4: 0 | L4: 0 | M4: X | N4: 2 | O4: =ROUNDUP(참조!$C$2 * VLOOKUP("무기",참조!$E:$I,N4+1,FALSE)*POWER(참조!$A$5,D4-1),-1) -> 11250 | P4: =G4*1000/$J4 -> 3.3333333 | Q4: =H4*1000/$J4 -> 1.6666667
A5: 34003 | B5: D등급 검 03 | C5: item_equip_n_we_04 | D5: 1 | E5: Equip | F5: 0 | G5: 4 | H5: 2 | I5: 0 | J5: 1150 | K5: 0 | L5: 0 | M5: O | N5: 3 | O5: =ROUNDUP(참조!$C$2 * VLOOKUP("무기",참조!$E:$I,N5+1,FALSE)*POWER(참조!$A$5,D5-1),-1) -> 15000 | P5: =G5*1000/$J5 -> 3.4782609 | Q5: =H5*1000/$J5 -> 1.7391304
A6: 34004 | B6: D등급 지팡이 01 | C6: item_equip_n_we_05 | D6: 1 | E6: Equip | F6: 0 | G6: 2 | H6: 3 | I6: 0 | J6: 1400 | K6: 0 | L6: 0 | M6: X | N6: 1 | O6: =ROUNDUP(참조!$C$2 * VLOOKUP("무기",참조!$E:$I,N6+1,FALSE)*POWER(참조!$A$5,D6-1),-1) -> 7500 | P6: =G6*1000/$J6 -> 1.4285714 | Q6: =H6*1000/$J6 -> 2.1428571
A7: 34005 | B7: D등급 지팡이 02 | C7: item_equip_n_we_06 | D7: 1 | E7: Equip | F7: 0 | G7: 2 | H7: 4 | I7: 0 | J7: 1400 | K7: 0 | L7: 0 | M7: X | N7: 2 | O7: =ROUNDUP(참조!$C$2 * VLOOKUP("무기",참조!$E:$I,N7+1,FALSE)*POWER(참조!$A$5,D7-1),-1) -> 11250 | P7: =G7*1000/$J7 -> 1.4285714 | Q7: =H7*1000/$J7 -> 2.8571429
A8: 34006 | B8: D등급 지팡이 03 | C8: item_equip_n_we_07 | D8: 1 | E8: Equip | F8: 0 | G8: 2 | H8: 4 | I8: 0 | J8: 1350 | K8: 0 | L8: 0 | M8: O | N8: 3 | O8: =ROUNDUP(참조!$C$2 * VLOOKUP("무기",참조!$E:$I,N8+1,FALSE)*POWER(참조!$A$5,D8-1),-1) -> 15000 | P8: =G8*1000/$J8 -> 1.4814815 | Q8: =H8*1000/$J8 -> 2.962963
A9: 34007 | B9: D등급 단검 01 | C9: item_equip_n_we_08 | D9: 1 | E9: Equip | F9: 0 | G9: 2 | H9: 1 | I9: 0 | J9: 900 | K9: 0 | L9: 0 | M9: X | N9: 1 | O9: =ROUNDUP(참조!$C$2 * VLOOKUP("무기",참조!$E:$I,N9+1,FALSE)*POWER(참조!$A$5,D9-1),-1) -> 7500 | P9: =G9*1000/$J9 -> 2.2222222 | Q9: =H9*1000/$J9 -> 1.1111111
A10: 34008 | B10: D등급 단검 02 | C10: item_equip_n_we_09 | D10: 1 | E10: Equip | F10: 0 | G10: 2 | H10: 1 | I10: 0 | J10: 800 | K10: 0 | L10: 0 | M10: X | N10: 2 | O10: =ROUNDUP(참조!$C$2 * VLOOKUP("무기",참조!$E:$I,N10+1,FALSE)*POWER(참조!$A$5,D10-1),-1) -> 11250 | P10: =G10*1000/$J10 -> 2.5 | Q10: =H10*1000/$J10 -> 1.25
A11: 34009 | B11: D등급 단검 03 | C11: item_equip_n_we_10 | D11: 1 | E11: Equip | F11: 0 | G11: 2 | H11: 1 | I11: 0 | J11: 750 | K11: 0 | L11: 0 | M11: O | N11: 3 | O11: =ROUNDUP(참조!$C$2 * VLOOKUP("무기",참조!$E:$I,N11+1,FALSE)*POWER(참조!$A$5,D11-1),-1) -> 15000 | P11: =G11*1000/$J11 -> 2.6666667 | Q11: =H11*1000/$J11 -> 1.3333333
A12: 34010 | B12: C등급 검 01 | C12: item_equip_n_we_11 | D12: 2 | E12: Equip | F12: 0 | G12: 5 | H12: 3 | I12: 0 | J12: 1200 | K12: 0 | L12: 0 | M12: X | N12: 1 | O12: =ROUNDUP(참조!$C$2 * VLOOKUP("무기",참조!$E:$I,N12+1,FALSE)*POWER(참조!$A$5,D12-1),-1) -> 75000 | P12: =G12*1000/$J12 -> 4.1666667 | Q12: =H12*1000/$J12 -> 2.5
A13: 34011 | B13: C등급 검 02 | C13: item_equip_n_we_12 | D13: 2 | E13: Equip | F13: 0 | G13: 6 | H13: 3 | I13: 0 | J13: 1200 | K13: 0 | L13: 0 | M13: X | N13: 2 | O13: =ROUNDUP(참조!$C$2 * VLOOKUP("무기",참조!$E:$I,N13+1,FALSE)*POWER(참조!$A$5,D13-1),-1) -> 112500 | P13: =G13*1000/$J13 -> 5 | Q13: =H13*1000/$J13 -> 2.5
... A50: 34611 | B50: A등급 활 03 | C50: item_equip_n_we_49 | D50: 4 | E50: Equip | F50: 0 | G50: 4 | H50: 15 | I50: 0 | J50: 1800 | K50: 0 | L50: 0 | M50: O | N50: 3 | O50: =ROUNDUP(참조!$C$2 * VLOOKUP("무기",참조!$E:$I,N50+1,FALSE)*POWER(참조!$A$5,D50-1),-1) -> 15000000 | P50: =G50*1000/$J50 -> 2.2222222 | Q50: =H50*1000/$J50 -> 8.3333333

Sheet 갑옷
A1: Id | B1: dev_name | C1: Name | D1: Grade | E1: Type | F1: Slot_Idx | G1: SATK | H1: LATK | I1: DEF | J1: ASPD | K1: SPD | L1: HP | M1: Option | N1: 희귀도 | O1: 가격
A2: 31000 | B2: 낡은 갑옷 | C2: item_equip_n_ar_01 | D2: 0 | E2: Equip | F2: 1 | G2: 0 | H2: 0 | I2: 2 | J2: 0 | K2: 0 | L2: 0 | M2: X | N2: 1 | O2: =ROUNDUP(참조!$C$2 * VLOOKUP("방어구",참조!$E:$I,N2+1,FALSE)*POWER(참조!$A$5,D2-1),-1) -> 500
A3: 31001 | B3: 가죽 갑옷 | C3: item_equip_n_ar_02 | D3: 1 | E3: Equip | F3: 1 | G3: 0 | H3: 0 | I3: 4 | J3: 0 | K3: 0 | L3: 0 | M3: X | N3: 1 | O3: =ROUNDUP(참조!$C$2 * VLOOKUP("방어구",참조!$E:$I,N3+1,FALSE)*POWER(참조!$A$5,D3-1),-1) -> 5000
A4: 31002 | B4: 강화 가죽 갑옷 | C4: item_equip_n_ar_03 | D4: 1 | E4: Equip | F4: 1 | G4: 0 | H4: 0 | I4: 5 | J4: 0 | K4: 0 | L4: 0 | M4: X | N4: 2 | O4: =ROUNDUP(참조!$C$2 * VLOOKUP("방어구",참조!$E:$I,N4+1,FALSE)*POWER(참조!$A$5,D4-1),-1) -> 7500
A5: 31003 | B5: 레어 가죽 갑옷 | C5: item_equip_n_ar_04 | D5: 1 | E5: Equip | F5: 1 | G5: 0 | H5: 0 | I5: 5 | J5: 0 | K5: 0 | L5: 0 | M5: O | N5: 3 | O5: =ROUNDUP(참조!$C$2 * VLOOKUP("방어구",참조!$E:$I,N5+1,FALSE)*POWER(참조!$A$5,D5-1),-1) -> 10000
A6: 31004 | B6: 가죽 튜닉 | C6: item_equip_n_ar_05 | D6: 1 | E6: Equip | F6: 1 | G6: 0 | H6: 0 | I6: 2 | J6: 0 | K6: 0 | L6: 20 | M6: X | N6: 1 | O6: =ROUNDUP(참조!$C$2 * VLOOKUP("방어구",참조!$E:$I,N6+1,FALSE)*POWER(참조!$A$5,D6-1),-1) -> 5000
A7: 31005 | B7: 강화 가죽 튜닉 | C7: item_equip_n_ar_06 | D7: 1 | E7: Equip | F7: 1 | G7: 0 | H7: 0 | I7: 3 | J7: 0 | K7: 0 | L7: 30 | M7: X | N7: 2 | O7: =ROUNDUP(참조!$C$2 * VLOOKUP("방어구",참조!$E:$I,N7+1,FALSE)*POWER(참조!$A$5,D7-1),-1) -> 7500
A8: 31006 | B8: 레어 가죽 튜닉 | C8: item_equip_n_ar_07 | D8: 1 | E8: Equip | F8: 1 | G8: 0 | H8: 0 | I8: 3 | J8: 0 | K8: 0 | L8: 30 | M8: O | N8: 3 | O8: =ROUNDUP(참조!$C$2 * VLOOKUP("방어구",참조!$E:$I,N8+1,FALSE)*POWER(참조!$A$5,D8-1),-1) -> 10000
A9: 31007 | B9: C등급 갑옷 01 | C9: item_equip_n_ar_08 | D9: 2 | E9: Equip | F9: 1 | G9: 0 | H9: 0 | I9: 8 | J9: 0 | K9: 0 | L9: 0 | M9: X | N9: 1 | O9: =ROUNDUP(참조!$C$2 * VLOOKUP("방어구",참조!$E:$I,N9+1,FALSE)*POWER(참조!$A$5,D9-1),-1) -> 50000
A10: 31008 | B10: C등급 갑옷 02 | C10: item_equip_n_ar_09 | D10: 2 | E10: Equip | F10: 1 | G10: 0 | H10: 0 | I10: 9 | J10: 0 | K10: 0 | L10: 0 | M10: X | N10: 2 | O10: =ROUNDUP(참조!$C$2 * VLOOKUP("방어구",참조!$E:$I,N10+1,FALSE)*POWER(참조!$A$5,D10-1),-1) -> 75000
A11: 31009 | B11: C등급 갑옷 03 | C11: item_equip_n_ar_10 | D11: 2 | E11: Equip | F11: 1 | G11: 0 | H11: 0 | I11: 9 | J11: 0 | K11: 0 | L11: 0 | M11: O | N11: 3 | O11: =ROUNDUP(참조!$C$2 * VLOOKUP("방어구",참조!$E:$I,N11+1,FALSE)*POWER(참조!$A$5,D11-1),-1) -> 100000
A12: 31010 | B12: C등급 튜닉 01 | C12: item_equip_n_ar_11 | D12: 2 | E12: Equip | F12: 1 | G12: 0 | H12: 0 | I12: 4 | J12: 0 | K12: 0 | L12: 40 | M12: X | N12: 1 | O12: =ROUNDUP(참조!$C$2 * VLOOKUP("방어구",참조!$E:$I,N12+1,FALSE)*POWER(참조!$A$5,D12-1),-1) -> 50000
A13: 31011 | B13: C등급 튜닉 02 | C13: item_equip_n_ar_12 | D13: 2 | E13: Equip | F13: 1 | G13: 0 | H13: 0 | I13: 5 | J13: 0 | K13: 0 | L13: 50 | M13: X | N13: 2 | O13: =ROUNDUP(참조!$C$2 * VLOOKUP("방어구",참조!$E:$I,N13+1,FALSE)*POWER(참조!$A$5,D13-1),-1) -> 75000
... A26: 31024 | B26: A등급 튜닉 03 | C26: item_equip_n_ar_25 | D26: 4 | E26: Equip | F26: 1 | G26: 0 | H26: 0 | I26: 9 | J26: 0 | K26: 0 | L26: 90 | M26: O | N26: 3 | O26: =ROUNDUP(참조!$C$2 * VLOOKUP("방어구",참조!$E:$I,N26+1,FALSE)*POWER(참조!$A$5,D26-1),-1) -> 10000000

Sheet 신발
A1: Id | B1: dev_name | C1: Name | D1: Grade | E1: Type | F1: Slot_Idx | G1: SATK | H1: LATK | I1: DEF | J1: ASPD | K1: SPD | L1: HP | M1: Option | N1: 희귀도 | O1: 가격
A2: 33000 | B2: 낡은 부츠 | C2: item_equip_n_bo_01 | D2: 0 | E2: Equip | F2: 3 | G2: 0 | H2: 0 | I2: 1 | J2: 0 | K2: 5 | L2: 0 | M2: X | N2: 1 | O2: =ROUNDUP(참조!$C$2 * VLOOKUP("신발",참조!$E:$I,N2+1,FALSE)*POWER(참조!$A$5,D2-1),-1) -> 380
A3: 33001 | B3: 가죽 부츠 | C3: item_equip_n_bo_02 | D3: 1 | E3: Equip | F3: 3 | G3: 0 | H3: 0 | I3: 1 | J3: 0 | K3: 10 | L3: 0 | M3: X | N3: 1 | O3: =ROUNDUP(참조!$C$2 * VLOOKUP("신발",참조!$E:$I,N3+1,FALSE)*POWER(참조!$A$5,D3-1),-1) -> 3750
A4: 33002 | B4: 강화 가죽 부츠 | C4: item_equip_n_bo_03 | D4: 1 | E4: Equip | F4: 3 | G4: 0 | H4: 0 | I4: 1 | J4: 0 | K4: 12 | L4: 0 | M4: X | N4: 2 | O4: =ROUNDUP(참조!$C$2 * VLOOKUP("신발",참조!$E:$I,N4+1,FALSE)*POWER(참조!$A$5,D4-1),-1) -> 5630
A5: 33003 | B5: 레어 가죽 부츠 | C5: item_equip_n_bo_04 | D5: 1 | E5: Equip | F5: 3 | G5: 0 | H5: 0 | I5: 1 | J5: 0 | K5: 13 | L5: 0 | M5: O | N5: 3 | O5: =ROUNDUP(참조!$C$2 * VLOOKUP("신발",참조!$E:$I,N5+1,FALSE)*POWER(참조!$A$5,D5-1),-1) -> 7500
A6: 33004 | B6: C등급 부츠 01 | C6: item_equip_n_bo_05 | D6: 2 | E6: Equip | F6: 3 | G6: 0 | H6: 0 | I6: 3 | J6: 0 | K6: 15 | L6: 0 | M6: X | N6: 1 | O6: =ROUNDUP(참조!$C$2 * VLOOKUP("신발",참조!$E:$I,N6+1,FALSE)*POWER(참조!$A$5,D6-1),-1) -> 37500
A7: 33005 | B7: C등급 부츠 02 | C7: item_equip_n_bo_06 | D7: 2 | E7: Equip | F7: 3 | G7: 0 | H7: 0 | I7: 3 | J7: 0 | K7: 17 | L7: 0 | M7: X | N7: 2 | O7: =ROUNDUP(참조!$C$2 * VLOOKUP("신발",참조!$E:$I,N7+1,FALSE)*POWER(참조!$A$5,D7-1),-1) -> 56250
A8: 33006 | B8: C등급 부츠 03 | C8: item_equip_n_bo_07 | D8: 2 | E8: Equip | F8: 3 | G8: 0 | H8: 0 | I8: 3 | J8: 0 | K8: 18 | L8: 0 | M8: O | N8: 3 | O8: =ROUNDUP(참조!$C$2 * VLOOKUP("신발",참조!$E:$I,N8+1,FALSE)*POWER(참조!$A$5,D8-1),-1) -> 75000
A9: 33007 | B9: B등급 부츠 01 | C9: item_equip_n_bo_08 | D9: 3 | E9: Equip | F9: 3 | G9: 0 | H9: 0 | I9: 5 | J9: 0 | K9: 20 | L9: 0 | M9: X | N9: 1 | O9: =ROUNDUP(참조!$C$2 * VLOOKUP("신발",참조!$E:$I,N9+1,FALSE)*POWER(참조!$A$5,D9-1),-1) -> 375000
A10: 33008 | B10: B등급 부츠 02 | C10: item_equip_n_bo_09 | D10: 3 | E10: Equip | F10: 3 | G10: 0 | H10: 0 | I10: 5 | J10: 0 | K10: 22 | L10: 0 | M10: X | N10: 2 | O10: =ROUNDUP(참조!$C$2 * VLOOKUP("신발",참조!$E:$I,N10+1,FALSE)*POWER(참조!$A$5,D10-1),-1) -> 562500
A11: 33009 | B11: B등급 부츠 03 | C11: item_equip_n_bo_10 | D11: 3 | E11: Equip | F11: 3 | G11: 0 | H11: 0 | I11: 5 | J11: 0 | K11: 23 | L11: 0 | M11: O | N11: 3 | O11: =ROUNDUP(참조!$C$2 * VLOOKUP("신발",참조!$E:$I,N11+1,FALSE)*POWER(참조!$A$5,D11-1),-1) -> 750000
A12: 33010 | B12: A등급 부츠 01 | C12: item_equip_n_bo_11 | D12: 4 | E12: Equip | F12: 3 | G12: 0 | H12: 0 | I12: 7 | J12: 0 | K12: 25 | L12: 0 | M12: X | N12: 1 | O12: =ROUNDUP(참조!$C$2 * VLOOKUP("신발",참조!$E:$I,N12+1,FALSE)*POWER(참조!$A$5,D12-1),-1) -> 3750000
A13: 33011 | B13: A등급 부츠 02 | C13: item_equip_n_bo_12 | D13: 4 | E13: Equip | F13: 3 | G13: 0 | H13: 0 | I13: 7 | J13: 0 | K13: 27 | L13: 0 | M13: X | N13: 2 | O13: =ROUNDUP(참조!$C$2 * VLOOKUP("신발",참조!$E:$I,N13+1,FALSE)*POWER(참조!$A$5,D13-1),-1) -> 5625000
A14: 33012 | B14: A등급 부츠 03 | C14: item_equip_n_bo_13 | D14: 4 | E14: Equip | F14: 3 | G14: 0 | H14: 0 | I14: 7 | J14: 0 | K14: 28 | L14: 0 | M14: O | N14: 3 | O14: =ROUNDUP(참조!$C$2 * VLOOKUP("신발",참조!$E:$I,N14+1,FALSE)*POWER(참조!$A$5,D14-1),-1) -> 7500000

Sheet 장신구
A1: Id | B1: dev_name | C1: Name | D1: Grade | E1: Type | F1: Slot_Idx | G1: SATK | H1: LATK | I1: DEF | J1: ASPD | K1: SPD | L1: HP | M1: Option | N1: 희귀도 | O1: 가격
A2: 32000 | B2: 기본 장신구 | C2: item_equip_n_ac_01 | D2: 0 | E2: Equip | F2: 2 | G2: 0 | H2: 0 | I2: 0 | J2: 10 | K2: 0 | L2: 0 | M2: X | N2: 1 | O2: =ROUNDUP(참조!$C$2 * VLOOKUP("악세",참조!$E:$I,N2+1,FALSE)*POWER(참조!$A$5,D2-1),-1) -> 630
A3: 32001 | B3: D등급 장신구 01 | C3: item_equip_n_ac_02 | D3: 1 | E3: Equip | F3: 2 | G3: 0 | H3: 0 | I3: 0 | J3: 15 | K3: 0 | L3: 0 | M3: X | N3: 1 | O3: =ROUNDUP(참조!$C$2 * VLOOKUP("악세",참조!$E:$I,N3+1,FALSE)*POWER(참조!$A$5,D3-1),-1) -> 6250
A4: 32002 | B4: D등급 장신구 02 | C4: item_equip_n_ac_03 | D4: 1 | E4: Equip | F4: 2 | G4: 0 | H4: 0 | I4: 0 | J4: 20 | K4: 0 | L4: 0 | M4: X | N4: 2 | O4: =ROUNDUP(참조!$C$2 * VLOOKUP("악세",참조!$E:$I,N4+1,FALSE)*POWER(참조!$A$5,D4-1),-1) -> 9380
A5: 32003 | B5: D등급 장신구 03 | C5: item_equip_n_ac_04 | D5: 1 | E5: Equip | F5: 2 | G5: 0 | H5: 0 | I5: 0 | J5: 22 | K5: 0 | L5: 0 | M5: O | N5: 3 | O5: =ROUNDUP(참조!$C$2 * VLOOKUP("악세",참조!$E:$I,N5+1,FALSE)*POWER(참조!$A$5,D5-1),-1) -> 12500
A6: 32004 | B6: C등급 장신구 01 | C6: item_equip_n_ac_05 | D6: 2 | E6: Equip | F6: 2 | G6: 0 | H6: 0 | I6: 0 | J6: 25 | K6: 0 | L6: 0 | M6: X | N6: 1 | O6: =ROUNDUP(참조!$C$2 * VLOOKUP("악세",참조!$E:$I,N6+1,FALSE)*POWER(참조!$A$5,D6-1),-1) -> 62500
A7: 32005 | B7: C등급 장신구 02 | C7: item_equip_n_ac_06 | D7: 2 | E7: Equip | F7: 2 | G7: 0 | H7: 0 | I7: 0 | J7: 30 | K7: 0 | L7: 0 | M7: X | N7: 2 | O7: =ROUNDUP(참조!$C$2 * VLOOKUP("악세",참조!$E:$I,N7+1,FALSE)*POWER(참조!$A$5,D7-1),-1) -> 93750
A8: 32006 | B8: C등급 장신구 03 | C8: item_equip_n_ac_07 | D8: 2 | E8: Equip | F8: 2 | G8: 0 | H8: 0 | I8: 0 | J8: 32 | K8: 0 | L8: 0 | M8: O | N8: 3 | O8: =ROUNDUP(참조!$C$2 * VLOOKUP("악세",참조!$E:$I,N8+1,FALSE)*POWER(참조!$A$5,D8-1),-1) -> 125000
A9: 32007 | B9: B등급 장신구 01 | C9: item_equip_n_ac_08 | D9: 3 | E9: Equip | F9: 2 | G9: 0 | H9: 0 | I9: 0 | J9: 35 | K9: 0 | L9: 0 | M9: X | N9: 1 | O9: =ROUNDUP(참조!$C$2 * VLOOKUP("악세",참조!$E:$I,N9+1,FALSE)*POWER(참조!$A$5,D9-1),-1) -> 625000
A10: 32008 | B10: B등급 장신구 02 | C10: item_equip_n_ac_09 | D10: 3 | E10: Equip | F10: 2 | G10: 0 | H10: 0 | I10: 0 | J10: 40 | K10: 0 | L10: 0 | M10: X | N10: 2 | O10: =ROUNDUP(참조!$C$2 * VLOOKUP("악세",참조!$E:$I,N10+1,FALSE)*POWER(참조!$A$5,D10-1),-1) -> 937500
A11: 32009 | B11: B등급 장신구 03 | C11: item_equip_n_ac_10 | D11: 3 | E11: Equip | F11: 2 | G11: 0 | H11: 0 | I11: 0 | J11: 42 | K11: 0 | L11: 0 | M11: O | N11: 3 | O11: =ROUNDUP(참조!$C$2 * VLOOKUP("악세",참조!$E:$I,N11+1,FALSE)*POWER(참조!$A$5,D11-1),-1) -> 1250000
A12: 32010 | B12: A등급 장신구 01 | C12: item_equip_n_ac_11 | D12: 4 | E12: Equip | F12: 2 | G12: 0 | H12: 0 | I12: 0 | J12: 45 | K12: 0 | L12: 0 | M12: X | N12: 1 | O12: =ROUNDUP(참조!$C$2 * VLOOKUP("악세",참조!$E:$I,N12+1,FALSE)*POWER(참조!$A$5,D12-1),-1) -> 6250000
A13: 32011 | B13: A등급 장신구 02 | C13: item_equip_n_ac_12 | D13: 4 | E13: Equip | F13: 2 | G13: 0 | H13: 0 | I13: 0 | J13: 50 | K13: 0 | L13: 0 | M13: X | N13: 2 | O13: =ROUNDUP(참조!$C$2 * VLOOKUP("악세",참조!$E:$I,N13+1,FALSE)*POWER(참조!$A$5,D13-1),-1) -> 9375000
... A24: 32022 | B24: A등급 레어 장신구 05 | C24: item_equip_r_ac_10 | D24: 4 | E24: Equip | F24: 2 | G24: 0 | H24: 0 | I24: 0 | J24: 50 | K24: 0 | L24: 15 | M24: O | N24: 4 | O24: =ROUNDUP(참조!$C$2 * VLOOKUP("악세",참조!$E:$I,N24+1,FALSE)*POWER(참조!$A$5,D24-1),-1) -> 12500000

Sheet 참조
A1: 맵 보상 기준 | B1: 플레이 횟수 | C1: 기준 가격 | F1: 1 | G1: 2 | H1: 3 | I1: 4
A2: 500 | B2: 10 | C2: =A2*B2 -> 5000 | E2: 무기 | F2: 1.5 | G2: =F2*1.5 -> 2.25 | H2: =F2*2 -> 3 | I2: 3
E3: 방어구 | F3: 1 | G3: =F3*1.5 -> 1.5 | H3: =F3*2 -> 2 | I3: 2
A4: 등급가치 | E4: 악세 | F4: =5/4 -> 1.25 | G4: =F4*1.5 -> 1.875 | H4: =F4*2 -> 2.5 | I4: 2.5
A5: 10 | E5: 신발 | F5: =3/4 -> 0.75 | G5: =F5*1.5 -> 1.125 | H5: =F5*2 -> 1.5 | I5: 1.5
E6: 물약 | F6: 0.02
